Name,Street,Category,Phones
BAR DO CARLINHOS,Avenida Conselheiro Ant�nio Prado ,Alimenta��o e Bebidas,(17) 99612-5034
AMIC�O,Avenida Navarro de Andrade ,Animais e Cia,(17) 99732-7188
NUTRISUL AGRO PET LOJA 01,Avenida Navarro de Andrade ,Animais e Cia,(17)3631-2670,(17) 99738-9667
NUTRISUL AGRO PET LOJA 02,Avenida Navarro de Andrade ,Animais e Cia,(17) 3641-2070
NUTRISUL AGRO PET LOJA 03,Avenida Conselheiro Ant�nio Prado ,Animais e Cia,(17) 3631-2942
CL�NICA VETERIN�RIA DE OLHO NOS BICHOS,Avenida Conselheiro Ant�nio Prado ,Animais e Cia,(17) 3631-1795
EMP�RIO RURAL,Avenida Navarro de Andrade ,Animais e Cia,(17) 3631-1363,(17) 99149-1752,(17) 99774-4641
VETERIN�RIA GLOBO,Avenida Navarro de Andrade ,Animais e Cia,(17) 3631-1468,(17) 98168-2255,(17) 99602-1724
PET SHOW,Rua Cecilia Meireles ,Animais e Cia,(17) 99761-6066
CL�NICA VETERIN�RIA CIA DOS BICHOS,Avenida Navarro de Andrade ,Animais e Cia,(17) 3631-3459
CL�NICA VETERIN�RIA SAN-RUBENS,Rua 15 ,Animais e Cia,(17) 3631-1602
VETERINARIA AGRO BOI,Avenida S�o Paulo ,Animais e Cia,(17) 3643-1230
VETERIN�RIA DO MARCO,Rua M�rio Bretas Saraiva ,Animais e Cia,(17) 3691-1552
AGROPECU�RIA DOIS IRM�OS,Avenida Santana ,Animais e Cia,(17) 99144-3334
COOPERATIVA CAMDA,Avenida Navarro de Andrade ,Animais e Cia,(17) 3641-9080
JACOMASSI AGROPECU�RIA,Avenida Ana Rocha De Oliveira ,Animais e Cia,(17) 99717-0611
NOROESTE AGROPECU�RIA,Avenida Conselheiro Ant�nio Prado ,Animais e Cia,(17) 3641-1074
NUTRILAGO,Avenida Miguel Renda ,Animais e Cia,(17) 3691-7120
NUTRIPLAN,Rua Jos� Domingues da Fonseca ,Animais e Cia,(17) 3631-3225
EMP�RIO S�O JO�O,Rua 14 ,Animais e Cia,(17) 3631-1445
CENTRO M�DICO VETERIN�RIO E EST�TICA,Rua Luis Donini ,Animais e Cia,(17) 3631-4489
EST�TICA ANIMAL QUATRO PATAS,Rua 15 ,Animais e Cia,(17) 3631-4102
GUANABARA RA��ES E VARIEDADES,Avenida Idalino Longhi ,Animais e Cia,(17) 3631-6105
MUNDO ANIMAL,Rua 17 ,Animais e Cia,(17) 3631-7101
PET SHOP CANTINHO CANINO,Rua 06 ,Animais e Cia,(17) 3631-2398
PETMANIA,Rua 08 ,Animais e Cia,(17) 3631-2219
LS CADEIRAS ART,RUA 14 ,Casa e Decora��o,(17) 99735-9264,(17) 99709-1012,(17) 99622-1289
TEND TUDO MATERIAIS,Avenida S�o Paulo ,Casa e Decora��o,(17) 3643-1142
CRISTIANE DO CARMO HOUSE E DECOR,Rua 07 ,Casa e Decora��o,(17) 3631-0859
TIANA DECORA��ES,Avenida Miguel Renda ,Casa e Decora��o,(17) 3691-1175
VASOS ARTESANAIS NSAPARECIDA,Avenida Avelino Alonso Baldo ,Casa e Decora��o,(17) 99763-4744
ARABESCO CASA E DECORA��O,Rua 07 ,Casa e Decora��o,(17) 3631-6428
CRIATIVA DECORA��ES,Avenida Conselheiro Ant�nio Prado ,Casa e Decora��o,(17) 3631-5184
OFICINA ESPA�O,Rua 11 ,Casa e Decora��o,(17) 3631-3620
QUALICASA ENXOVAIS,Rua 20 ,Casa e Decora��o,(17) 3631-6110
RM PERSIANAS,Rua 23 ,Casa e Decora��o,(17) 99726-7884
SHIRLEY DECORA��ES,Rua 07 ,Casa e Decora��o,(17) 3631-1960
VAL DECORA��ES E PRESENTES,Avenida Conselheiro Ant�nio Prado ,Com�rcio,(17) 3641-2237
RESTAURANTE BOM SABOR,Avenida Conselheiro Ant�nio Prado ,Alimenta��o e Bebidas,(17) 3631-5599
MARINA SABORES,�guas Claras ,Alimenta��o e Bebidas,(17) 3631-4743
RESTAURANTE PRAIA DO SOL - RUBIN�IA,Grandes Lagos - Rubin�ia ,Alimenta��o e Bebidas,(17) 3661-1407,(17) 99104-1949
SORVETERIA SOL DE VER�O,Avenida Navarro de Andrade ,Alimenta��o e Bebidas,(17) 3631-3675
RESTAURANTE E PETISCARIA UNIVERSIT�RIO,Avenida Navarro de Andrade ,Alimenta��o e Bebidas,(17) 3631-6317
RESTAURANTE E LANCHONETE CANTINA,Rodovia Euclides da Cunha ,Alimenta��o e Bebidas,(17) 99725 9550
RESTAURANTE E MINI CHURRASCARIA ZACHEO,Rua 17 ,Alimenta��o e Bebidas,(17) 3631-3510
FRAN�S MASSAS E PETISCOS,Avenida Navarro de Andrade ,Alimenta��o e Bebidas,(17) 3631-0944
PADARIA SANTA CRUZ,Avenida Conselheiro Ant�nio Prado ,Alimenta��o e Bebidas,(17) 3631-1024
MERCADO BOM PRE�O,Avenida S�o Paulo ,Alimenta��o e Bebidas,(17) 3643-1216
PROEN�A SUPERMERCADOS,Avenida Navarro de Andrade ,Alimenta��o e Bebidas,(17) 3641-1010
A�A� MAIS SABOR,Avenida Navarro de Andrade ,Alimenta��o e Bebidas,(17) 3631-0642
GELA BEM SORVETES,Rua 07 ,Alimenta��o e Bebidas,(17) 3631-6079
GELATTO SORVETES,Avenida Conselheiro Ant�nio Prado ,Alimenta��o e Bebidas,(17) 99633-1808
ICE MEL SORVETERIA,Avenida Presidente Vargas ,Alimenta��o e Bebidas,(17) 99724-2481
MIL MILK SHAKES,Rua 14 ,Alimenta��o e Bebidas,(17) 3631-3905
SORVETERIA BOM GOSTO,Rua 21 ,Alimenta��o e Bebidas,(17) 3641-1187
SORVETERIA HAWAI,Avenida Conselheiro Ant�nio Prado ,Alimenta��o e Bebidas,(17) 99132-8372
SORVETERIA NASCER DO SOL,Avenida S�o Paulo ,Alimenta��o e Bebidas,(17) 99748-4481
SORVETERIA PRIMAVERA,Avenida Navarro de Andrade ,Alimenta��o e Bebidas,(17) 3631-3969
SORVETERIA UNIVERSIT�RIA,Rua Cravos ,Alimenta��o e Bebidas,(17) 99721-3816
SORVETERIA ZERO GRAU,Alameda Rio Tiet� ,Alimenta��o e Bebidas,(17) 3641-0499
SORVETES DANATTE,Avenida Presidente Castelo Branco ,Alimenta��o e Bebidas,(17) 3661-1179
FOG�O A LENHA RESTAURANTE,Rodovia Euclides da Cunha ,Alimenta��o e Bebidas,(17) 3631-2066
�BA RESTAURANTE,Avenida Navarro de Andrade ,Alimenta��o e Bebidas,(17) 3631-5756
PONTO CERTO RESTAURANTE,Avenida Navarro de Andrade ,Alimenta��o e Bebidas,(17) 3641-1820
RESTAURANT THE PAULA,Avenida Conselheiro Ant�nio Prado ,Alimenta��o e Bebidas,(17) 3641-1609
RESTAURANTE SERV BEM,Avenida Conselheiro Ant�nio Prado ,Alimenta��o e Bebidas,(17) 3631-4213
SABOR MINEIRO RESTAURANTE E PETISCARIA,Avenida Waldemar Lopes Ferraz ,Alimenta��o e Bebidas,(17) 3631-3489
SUC�O,Avenida Navarro de Andrade ,Alimenta��o e Bebidas,(17) 99241-0694
PANIFICADORA SHEKINA,Rua Cecilia Meireles ,Alimenta��o e Bebidas,(17) 3661-1357
MERCEARIA E PADARIA JM,Rua Cincinato De Oliveira ,Alimenta��o e Bebidas,(17) 3663-1277
CASA DA BATATA,Avenida Navarro de Andrade ,Alimenta��o e Bebidas,(17) 99721-6699
PANIFICADORA FAVO DE MEL,Avenida Rio Paran� ,Alimenta��o e Bebidas,(17) 3631-6220
PANIFICADORA GRANDES LAGOS,Avenida Navarro de Andrade ,Alimenta��o e Bebidas,(17) 98198-6144
PANIFICADORA NOSSO P�O,Rua 22 ,Alimenta��o e Bebidas,(17) 3631-2159
PANIFICADORA SANTA F�,Rua 17 ,Alimenta��o e Bebidas,(17) 3631-3180
SANTA F� NUTRI��O,Avenida Grandes Lagos ,Alimenta��o e Bebidas,(17) 3631-1920
SUPERMERCADO ALEM�O ZACHEO,Rua 04 Vila Mariana ,Alimenta��o e Bebidas,(17) 3631-4557
MEGA FM,Rua 07 ,Comunica��o e M�dia,(17) 3641-9980,(17) 3641-9988,(17) 99734-9922
NET NOTICIA,Rua 07 ,Comunica��o e M�dia,(17) 3641-9980
PRIME BRAZIL ASSESSORIA & MARKETING,RUA 29 ,Comunica��o e M�dia,(17) 3631-3119
TV SANTA F�,Rua 07 ,Comunica��o e M�dia,(17) 3641-9980
LISTAO,RUA 29 ,Comunica��o e M�dia,(17) 3631-3119
TERRA FM,Rua 07 ,Comunica��o e M�dia,(17) 3641-9980,(17) 3641-9986,(17) 99784-1122
SISTEMA SUCESSO DE COMUNICA��O,Rua 27 ,Comunica��o e M�dia,(17) 3641-9980
VIDA ANIMAL,Rua 14 ,Animais e Cia,(17) 3631-3368
FRUTAS & CIA,Avenida Conselheiro Ant�nio Prado ,Alimenta��o e Bebidas,(17) 3631-6734,(17) 3631-6528,(17) 99613-8141,(17) 98184-3838
ACQUA ALINE,Avenida Conselheiro Ant�nio Prado ,Alimenta��o e Bebidas,(17) 3631-6734,(17) 3631-6528,(17) 99613-8141,(17) 98184-3838
RESTAURANTE PRAIA DO SOL - SANTA CLARA D'OESTE,N�utico clube ,Alimenta��o e Bebidas,(17) 99718-4265
MORANGUINHO,Rua 07 ,Alimenta��o e Bebidas,(17) 99105-4906
GRAN SABORES,Rua 14 ,Alimenta��o e Bebidas,(17) 3631-5868
NA ONDA DO PEIXE,Rua 16 ,Alimenta��o e Bebidas,(17) 3631-3079
RESTAURANTE ANGICO,Estrada Ipanema ,Alimenta��o e Bebidas,(17) 3661-1396
RESTAURANTE BOM GOSTO,Rua 16 ,Alimenta��o e Bebidas,(17) 3631-7413
RESTAURANTE DINASTIA,Rua 07 ,Alimenta��o e Bebidas,(17) 3631-2479
RESTAURANTE GARRIO,Rodovia Porto taboado ,Alimenta��o e Bebidas,(17) 99759-3980
RESTAURANTE JF,Avenida S�o Paulo ,Alimenta��o e Bebidas,(17) 99632-4419
RESTAURANTE PORTEIRA DO MATO GROSSO,RUA MARIO DE ANDRADE ,Alimenta��o e Bebidas,(17) 99615-3278
RESTAURANTE SANTA TEREZINHA,Rua 29 ,Alimenta��o e Bebidas,(17) 3631-4384
SUKINAH RESTAURANTE,Rua 04 ,Alimenta��o e Bebidas,(17) 3631-3690
RESTAURANTE WILLIAN,Rua 09 ,Alimenta��o e Bebidas,(17) 3631-6073
PADARIA E RESTAURANTE PROGRESSO,Avenida Ana Rocha De Oliveira ,Alimenta��o e Bebidas,(17) 3691-1174
PADARIA BRASILEIRO,Avenida Presidente Castelo Branco ,Alimenta��o e Bebidas,(17) 3661-1405
PADARIA NOSSA SENHORA APARECIDA,Rua Alcides Brasil ,Alimenta��o e Bebidas,(17) 3643-0541
PANIFICADORA E MERCEARIA S�O PAULO,Rua 14 ,Alimenta��o e Bebidas,(17) 3631-1717
PANIFICADORA SANTA CLARA,Avenida Giocondo Giovani Gazotto ,Alimenta��o e Bebidas,(17) 3663-1204
MERCEARIA ALELUIA,Avenida Giocondo Giovani Gazotto ,Alimenta��o e Bebidas,(17) 3663-1185
PADARIA E LANCHONETE CHIP�O,Rua Jo�o Ortega Alcolea ,Alimenta��o e Bebidas,(17) 98142-4007
CHOCOLATERIA JESS�,Rua 13 ,Alimenta��o e Bebidas,(17) 3631-5843
ELIDA'S DOCES,Rua 17 ,Alimenta��o e Bebidas,(17) 3641-1035
BAR DO CEJU,Terminal Rodovi�rio  ,Alimenta��o e Bebidas,(17) 3631-1948
BAR DO Z� MAURO,Rua 10 ,Alimenta��o e Bebidas,(17) 3631-0242
CAF� CLUB,Rua 09 ,Alimenta��o e Bebidas,(17) 3631-1361
CAIPIRA CHIC,Rua 22 ,Alimenta��o e Bebidas,(17) 3631-3615
CHIQUINHO SORVETES,Rua 07 ,Alimenta��o e Bebidas,(17) 3631-5943
DAVINA SABOR E REQUINTE,Avenida Navarro de Andrade ,Alimenta��o e Bebidas,(17) 99139-1317
DEL�CIAS DA CASA,Rua 17 ,Alimenta��o e Bebidas,(17) 3631-4287
KIDEL�CIAS,RUA 11 ,Alimenta��o e Bebidas,(17) 99725-0645
MAX NUTRI SUPLEMENTOS,RUA DEZESSEIS ,Alimenta��o e Bebidas,(17) 3641-2100
NATURALLIS PRODUTOS NATURAIS,Rua 20 ,Alimenta��o e Bebidas,(17) 3641-1261
P�O DE ALHO MAX,Avenida Brasil ,Alimenta��o e Bebidas,(17) 3643-1162
SANTA F� MEAT,Avenida Navarro de Andrade ,Alimenta��o e Bebidas,(17) 3631-3109
BAR BOTECO DOS ARTISTAS,Avenida Navarro de Andrade ,Alimenta��o e Bebidas,(17) 3631-4707
BAR DO DITO,Avenida Conselheiro Ant�nio Prado ,Alimenta��o e Bebidas,(17) 99614-6096
BAR DO GILBERTO,Rua 09 ,Alimenta��o e Bebidas,(17) 3631-5259
BAR DO LONDRINA,Rua 14 ,Alimenta��o e Bebidas,(17) 99746-7573
BAR DO VALDO,Rua 02 ,Alimenta��o e Bebidas,(17) 3631-3994
BAR DO Z� CARLOS,Avenida Conselheiro Ant�nio Prado ,Alimenta��o e Bebidas,(17) 3631-0263
BAR DO ZECA,Avenida Giocondo Giovani Gazotto ,Alimenta��o e Bebidas,(17) 3663-1309
BAR E MERCEARIA ROSAL�M,Rua Chile ,Alimenta��o e Bebidas,(17) 3631-0267
BAR E MERCEARIA SANTA F�,Rua 22 ,Alimenta��o e Bebidas,(17) 3631-0358
BAR E SORVETERIA BOM GOSTO DOIS,Rua 25 ,Alimenta��o e Bebidas,(17) 99632-5832
BAR ESQUINA DA CERVEJA,Avenida Conselheiro Ant�nio Prado ,Alimenta��o e Bebidas,(17) 99747-7260
BAR GALP�O,Rua 06 ,Alimenta��o e Bebidas,(17) 99718-1810
BAR GON�ALVES,Avenida Atl�ntica ,Alimenta��o e Bebidas,(17) 99156-9315
B�SICA REFEI��ES,Rua 14 ,Alimenta��o e Bebidas,(17) 3631-0888
DISK BEER,Avenida Conselheiro Ant�nio Prado ,Alimenta��o e Bebidas,(17) 3631-6626
DOCE CASEIRO DO CAMPO,Rua Minas Gerais ,Alimenta��o e Bebidas,(17) 3631-1461
FOME ZERO,Avenida Navarro de Andrade ,Alimenta��o e Bebidas,(17) 3631-1653
GUTO BAR,Rua 09 ,Alimenta��o e Bebidas,(17) 99785-7300
HORTA MANGAR�,Rua Ac�rias ,Alimenta��o e Bebidas,(17) 3631-1864
LIG CHOPP GERM�NIA,Avenida Navarro de Andrade ,Alimenta��o e Bebidas,1736313186
MAGOGA SALGADOS,Rua Jo�o Alcal� Garcia ,Alimenta��o e Bebidas,(17) 99153-7125
MAN� BAR,Rua 07 ,Alimenta��o e Bebidas,(17) 99736-6731
MARMITARIA DA JANE,Rua 08 ,Alimenta��o e Bebidas,(17) 3641-2582
NANI BAR,Rua 07 de Setembro ,Alimenta��o e Bebidas,(17) 99179-8111
OPEN BAR,Rua 14 ,Alimenta��o e Bebidas,(17) 3631-0913
PADARIA E CONFEITARIA P�O GOSTOSO,Rua 17 ,Alimenta��o e Bebidas,(17) 3631-3637
PADARIA LANCHONETE NOSSA SENHORA APARECIDA,Avenida Conselheiro Ant�nio Prado ,Alimenta��o e Bebidas,(17) 3631-4058
PADARIA SANTA RITA,Rua 07 ,Alimenta��o e Bebidas,(17) 3631-1009
PANDOCA REI DO P�O,Rua Benedito Silveira Leite ,Alimenta��o e Bebidas,(17) 3631-0894
PANIFICADORA COPA,Avenida Navarro de Andrade ,Alimenta��o e Bebidas,(17) 3641-1773
VITA SUCOS,Rua 16 ,Alimenta��o e Bebidas,(17) 3631-3583
ART LUMINOSOS,Rua 31 ,Comunica��o e M�dia,(17) 3641-2110
R�DIO M�DIA,Rua 07 ,Comunica��o e M�dia,(17) 3641-9980
INOVE COMUNICA��ES,Rua 07 ,Comunica��o e M�dia,(17) 3631-0801
JORNAL REGIONAL,Rua 08 ,Comunica��o e M�dia,(17) 3631-3552
O JORNAL,Rua 07 ,Comunica��o e M�dia,(17) 3631-1389
DJARTE,Rua Perimetral Oeste ,Comunica��o e M�dia,(17) 3631-2255,99233-7843
JAMES DESIGN,Rua 21 ,Comunica��o e M�dia,(17) 3631-5055
NABIH SOM,Rua Ant�nio Carlos de Almeida ,Comunica��o e M�dia,(17) 3631-3896
DIN�MICA FM,Avenida Conselheiro Ant�nio Prado ,Comunica��o e M�dia,(17) 3631-1521
JOVEM PAN FM SANTA F�,RUA 27 ,Comunica��o e M�dia,(17) 3641-9980
R�DIO SANTA F� AM,Rua 12 ,Comunica��o e M�dia,(17) 3631-1522
VOZ DO VALE FM,Rua Martins Rodrigues ,Comunica��o e M�dia,(17) 3691-1605
CIDADE FM,Rua 29 ,Comunica��o e M�dia,(17) 3631-0900
LED DOOR,RUA 11 ,Comunica��o e M�dia,(17) 3631-3897
ELDORADO FM,Rua Antonio Tavares ,Comunica��o e M�dia,(17) 3643-1274
INTERIOR FM,Rua Antonio Facincani ,Comunica��o e M�dia,(17) 3663-1341
ST�DIO ABC,Rua 29 ,Comunica��o e M�dia,(17) 3631-3119
F�CIL PLACAS,Rua Sul ,Comunica��o e M�dia,(17) 3641-1638
ELSON PROPAGANDA VOLANTE,Rua 08 ,Comunica��o e M�dia,(17) 3631-7091
L SETE COMUNICA��O VISUAL,Avenida Grandes Lagos ,Comunica��o e M�dia,(17) 98201-2631
RCV COMUNICA��O VISUAL,Rua dos Coqueiros ,Comunica��o e M�dia,(17) 3631-6471
RP �UDIO E PRODU��O,Rua 05 ,Comunica��o e M�dia,(17) 99785-8598
SANTA F� ON LINE,Rua 12 ,Comunica��o e M�dia,(17) 3631-2918
VOZ DO VALE,Avenida Conselheiro Ant�nio Prado ,Comunica��o e M�dia,(17) 3631-1808
WIN DESIGN,Avenida Conselheiro Ant�nio Prado ,Comunica��o e M�dia,(17) 3631-5487
SIT ESCOLA DE PROFISS�ES,Rua 05 ,Ensino,(17) 3631-3550,(17) 3631-3530
FUNEC,Avenida Mangar� ,Ensino,(17) 3641-9000
CCL CENTRO CULTURAL LINGU�STICO,Rua 04 ,Ensino,(17) 3641-2029
WIZARD,Rua 10 ,Ensino,(17) 3641-1725
ETEC - ESCOLA T�CNICA ESTADUAL,Rua 13 de Maio ,Ensino,(17) 3641-1232
COL�GIO OBJETIVO,Rua 29 ,Ensino,(17) 3631-2170
CONECTA CURSOS PROFISSIONALIZANTES,Rua 11 ,Ensino,(17) 3631-4811
LFG CURSOS,Avenida Conselheiro Ant�nio Prado ,Ensino,(17) 3641-1685
CNA,Rua 09 ,Ensino,(17) 3631-3435
COL�GIO ANGLO PLUS,Alameda Rio Tiet� ,Ensino,(17) 3631-1000
COL�GIO CECAFE,Avenida Mariano Vicente Filho ,Ensino,(17) 3631-1876
DAM�SIO EDUCACIONAL,Avenida Navarro de Andrade ,Ensino,(17) 3641-1780
KUMON,Rua 19 ,Ensino,(17) 3631-1827
SUPLETIVO SANTA F�,Rua 18 ,Ensino,(17) 3631-7209
GRANDES LAGOS NAUTICO CLUBE,Avenida Sabino Barbosa De Oliveira ,Turismo e Lazer,(17) 99768-7951
MARINA NA�TICA,�guas Claras ,Turismo e Lazer,(17) 3631-3595
EVESTUR,Avenida Navarro de Andrade ,Turismo e Lazer,(17) 3631-3353,(17) 3631-3624
TUCUNA PESCA E NA�TICA,Rua 19 ,Turismo e Lazer,(17) 3631-2308
JOLITUR,Rua Armando Nicole ,Turismo e Lazer,(17) 3661-1372
PARA�SO TROPICAL,Avenida Presidente Castelo Branco ,Turismo e Lazer,(17) 3661-1511
BIG FISH,Avenida Navarro de Andrade ,Turismo e Lazer,(17) 3631-4156
ESPORTE CLUBE BANESPA,Rua Armando Nicole ,Turismo e Lazer,(17) 3661-1170
MANZOLI N�UTICA,Avenida Grandes Lagos ,Turismo e Lazer,(17) 3631-2733
BANESPINHA,Estrada Ipanema ,Turismo e Lazer,(17) 3661-1170
BARROS MOTO NA�TICA,Avenida Navarro de Andrade ,Turismo e Lazer,(17) 3631-0752
CAIS MARINE,Rua Jo�o Magalh�es ,Turismo e Lazer,(17) 3631-1333
�VORA AG�NCIA DE VIAGENS E TURISMO,Avenida Navarro de Andrade ,Turismo e Lazer,(17) 3641-1102
PESCA E NA�TICA SANTA F�,Avenida Conselheiro Ant�nio Prado ,Turismo e Lazer,(17) 3631-6018
PESKBEM CAMPING E N�UTICA,Avenida Navarro de Andrade ,Turismo e Lazer,(17) 3631-6451
TOP N�UTICA,Avenida Conselheiro Ant�nio Prado ,Turismo e Lazer,(17) 3631-5795
ELIANA BUFFET & DECORA��O,Rua Luiz Gama ,Eventos e Buffet,(17) 3631-7364
ART EVENTOS & BUFFET,Rua Do Empreendedor ,Eventos e Buffet,(17) 99618-6091,(17) 98178-2323
IP� EVENTOS,Rodovia Euclides da Cunha ,Eventos e Buffet,(17) 99618-6091
JUNINHO PLAY LOCA�OES,Rua Mario Bretas Saraiva ,Eventos e Buffet,(17) 99172-1636
ARTEK,Avenida Presidente Castelo Branco ,Eventos e Buffet,(17) 98184-2767
KALLI PRODU��ES,Rua 07 ,Eventos e Buffet,(17) 3631-5893
S� FESTAS,Avenida Navarro de Andrade ,Eventos e Buffet,(17) 3631-6096
SANTA FEST,Rua das Margaridas ,Eventos e Buffet,(17) 3641-1205
WILLIAN SERV FESTAS,Avenida Marginal ,Eventos e Buffet,(17) 3691-1338
DAMARA DECORA��O INFANTIL,Rua 10 ,Eventos e Buffet,(17) 3631-4621
GATINHA DECORA��O INFANTIL,Rua Clemente Simoni ,Eventos e Buffet,(17) 99713-8973
MR EVENTOS,Rua 06 ,Eventos e Buffet,(17) 3641-1178
ALEGRIA & ANIMA��O,Rua 17 ,Eventos e Buffet,(17) 3631-3303
ART FOTO DIGITAL,Avenida Navarro de Andrade ,Eventos e Buffet,(17) 3631-2440
ATELI� COISAS DE FESTA,Rua do Empreendedor ,Eventos e Buffet,(17) 99116-1958
BANCA DO INGRESSO,Rua Perimetral Leste ,Eventos e Buffet,(17) 3631-4336
BAR�O PUB CHOPERIA,Rua 07 ,Eventos e Buffet,(17) 3631-5897
DRIKA FESTAS,Rua Pernambuco ,Eventos e Buffet,(17) 3631-5044
EDR CINE FOTO PRODU��ES,Rua 09 ,Eventos e Buffet,(17) 3631-2074
ELLO'S BUFFET,Rua 15 de Novembro ,Eventos e Buffet,(17) 3631-6820
ERA UMA VEZ BUFFET,Avenida Conselheiro Ant�nio Prado ,Eventos e Buffet,(17) 99752-0935
ESPA�O MB KIDS,Avenida Mariano Vicente Filho ,Eventos e Buffet,(17) 3641-2212
FATINHA DECORA��ES E BUFFET,Rua 04 ,Eventos e Buffet,(17) 3631-4724
FOTO DIGITAL HOUSE,Avenida Navarro de Andrade ,Eventos e Buffet,(17) 3631-6996
JO�O E MARIA DOCES E FESTAS,Avenida Paran� ,Eventos e Buffet,(17) 3631-4011
JS SOUZA FOTOGRAFOS,Rua 13 ,Eventos e Buffet,(17) 3631-2522
LEVIAM FESTAS,Rua 23 ,Eventos e Buffet,(17) 3631-1463
MB FESTAS,Rua do Empreendedor ,Eventos e Buffet,(17) 99724-0814
NAYARA FESTAS,Rua Jos� do Patroc�nio ,Eventos e Buffet,(17) 99179-3815
SONHO DE CRIAN�A,Rua 05 ,Eventos e Buffet,(17) 3631-5814
ST�DIO FOTOGRAFICO LEANDRO VIEIRA,Avenida Conselheiro Ant�nio Prado ,Eventos e Buffet,(17) 3631-2866
VIT�RIA'S EVENTOS BUFFET E DECORA��ES,Rua Jo�o Herrera F�rrer ,Eventos e Buffet,1736311206
GARCIA CONTABILIDADE,Rua 14 ,Finan�as e Seguros,(17) 3631-4099
SORATI ASSESSORIA E CONSULTORIA,Rua 07 ,Finan�as e Seguros,(17) 3631-1670
EXTRA CORRETORA DE SEGUROS,Rua 12 ,Finan�as e Seguros,(17) 3631-2344
ESCRIT�RIO S�O PAULO,Avenida Navarro de Andrade ,Finan�as e Seguros,(17) 3631-1425,(17) 3631-4431,(17) 3631-4694,(17) 99714-1869
ESCRIT�RIO CONT�BIL FAVALE�A,Rua 14 ,Finan�as e Seguros,(17) 3631-1643,(17) 3631-7253
ARAPONGA SEGUROS,Avenida Conselheiro Ant�nio Prado ,Finan�as e Seguros,(17) 3641-2000
NOROESTE SEGUROS,Rua 07 ,Finan�as e Seguros,(17) 3631-3018
B&G CRED,Avenida Navarro de Andrade ,Finan�as e Seguros,(17) 99190-7879
BANCO BMG,Avenida Navarro de Andrade ,Finan�as e Seguros,(17) 3631-2097
BANCO BRADESCO - SANTANA DA PONTE PENSA,Avenida Santana ,Finan�as e Seguros,(17) 3692-1211
BANCO DO BRASIL - F�RUM,Avenida Conselheiro Ant�nio Prado ,Finan�as e Seguros,(17) 3631-7001
BANCO DO BRASIL - SANTA CLARA D'OESTE,Avenida Giocondo Giovani Gazotto ,Finan�as e Seguros,(17) 3663-1123
BANCO DO BRASIL - SANTA FE DO SUL,Avenida Navarro de Andrade ,Finan�as e Seguros,(17) 3631-3021
BRADESCO - NOVA CANA� PAULISTA,Rua 03 ,Finan�as e Seguros,(17) 3681-1132
BRADESCO - SANTA F� DO SUL,Rua 14 ,Finan�as e Seguros,(17) 3631-1511
CAIXA ECON�MICA FEDERAL,Rua 14 ,Finan�as e Seguros,(17) 3641-9920
SANTANDER,Avenida Navarro de Andrade ,Finan�as e Seguros,(17) 3631-9300
SANTANDER - POSTO ATENDIMENTO,Avenida Conselheiro Ant�nio Prado ,Finan�as e Seguros,(17) 3641-1938
ASSESSORIA CONT�BIL MARINHO,Avenida Conselheiro Ant�nio Prado ,Finan�as e Seguros,(17) 3631-3322
ASSESSORIA CONT�BIL PECHOTO,Avenida Navarro de Andrade ,Finan�as e Seguros,(17) 3631-6467
ASSESSORIA CONT�BIL REAL BRASIL,Rua 12 ,Finan�as e Seguros,(17) 3631-1830
ASSIST�NCIA RURAL S�O JOS�,Rua 10 ,Finan�as e Seguros,(17) 3631-1107
BENCRED,Rua 09 ,Finan�as e Seguros,(17) 3631-2519
BOMCAMINHO CORRETORA DE SEGUROS,Rua 12 ,Finan�as e Seguros,(17) 3641-1392
CONS�RCIO PRIMO ROSSI,Rua 16 ,Finan�as e Seguros,(17) 3641-1149
CREDICITRUS,Rua 07 ,Finan�as e Seguros,(17) 3641-9141
CR�DITO F�CIL,Rua 13 ,Finan�as e Seguros,(17) 3641-2109
ESCRIT�RIO ARA�JO,Rua 07 ,Finan�as e Seguros,(17) 3631-5351
ESCRIT�RIO BALDISSERA,Rua 14 ,Finan�as e Seguros,(17) 3631-2364
ESCRIT�RIO CONT�BIL ANALIS,Rua 06 ,Finan�as e Seguros,(17) 3641-1812
ESCRIT�RIO CONT�BIL TEDESCHI,Rua 11 ,Finan�as e Seguros,(17) 3641-1188
ESCRIT�RIO CURTI,Rua 09 ,Finan�as e Seguros,(17) 3631-1634
ESCRIT�RIO DO RICARDINHO,Avenida Conselheiro Ant�nio Prado ,Finan�as e Seguros,(17) 3631-4030
ESCRIT�RIO DO ZEZINHO,Avenida Navarro de Andrade ,Finan�as e Seguros,(17) 3631-1735
ESCRIT�RIO �TICA,Avenida Conselheiro Ant�nio Prado ,Finan�as e Seguros,(17) 3631-3219
ESCRIT�RIO NACIONAL,Rua 14 ,Finan�as e Seguros,(17) 3631-4308
ESCRIT�RIO RURAL BASSO,Rua 14 ,Finan�as e Seguros,(17) 3631-2063
ESCRIT�RIO SANTA F�,Rua 10 ,Finan�as e Seguros,(17) 3631-7013
ESCRIT�RIO VANGUARDA,Avenida Navarro de Andrade ,Finan�as e Seguros,(17) 3631-4241
ESCRIT�RIO VIS�O,Rua 07 ,Finan�as e Seguros,(17) 3631-4744
GRANDES LAGOS ASSESSORIA E CONTABILIDADE,Rua 07 ,Finan�as e Seguros,(17) 3641-1663
HSBC,Rua 14 ,Finan�as e Seguros,(17) 3631-3116
JA ASSESSORIA DPVAT,Rua 03 ,Finan�as e Seguros,(17) 3631-7438
PAZ GLOBAL CORRETORA DE SEGUROS,Rua 13 ,Finan�as e Seguros,(17) 3631-5199
PLANEJAMENTO AGROPECU�RIO S�O JOS�,Rua 15 ,Finan�as e Seguros,(17) 3631-0404
PORTO BELLO CORRETORA DE SEGUROS,Avenida Navarro de Andrade ,Finan�as e Seguros,(17) 3631-5813
SANTA F� CRED,Avenida Navarro de Andrade ,Finan�as e Seguros,(17) 3631-2380
MARINA POUSADA,�guas Claras ,Hot�is e Mot�is,(17) 3631-3695
EST�NCIA S�O MATHEUS,ponte rodoferrovi�ria ,Hot�is e Mot�is,(17) 99145-2020
HOTEL BETO ROCHA,Avenida Vicente Mariano Filho ,Hot�is e Mot�is,(17) 3631-3529
HOTEL COMODORO,Rua 07 ,Hot�is e Mot�is,(17) 3641-1715
HOTEL POUSADA PORTAL DA MATA,Rodovia Euclides da Cunha ,Hot�is e Mot�is,(17) 3641-1575
SAN GENNARO HOTEL,Rua 05 ,Hot�is e Mot�is,(17) 3641-2440
POUSADA DOS IP�S,�rea De Lazer - Jardim Guanabara ,Hot�is e Mot�is,(17) 99792-4980
POUSADA KIYOTO,RUA PRIMAVERA ,Hot�is e Mot�is,(17) 3661-1113
POUSADA MORADA DO SOL,Avenida Guanabara ,Hot�is e Mot�is,(17) 99144-9560
POUSADA RANCHO RUBIN�IA,Rua Armando Nicole ,Hot�is e Mot�is,(17) 3661-1225
MOTEL PARATI,Rodovia Dos Barrageiros ,Hot�is e Mot�is,(17) 3691-1206
FAZENDA BELA VISTA,ZONA RURAL ,Hot�is e Mot�is,(17) 3641-1842
HOTEL CANTINA,Rodovia Euclides da Cunha ,Hot�is e Mot�is,(17) 3641-2069
HOTEL PRESIDENTE,Rua 12 ,Hot�is e Mot�is,(17) 3631-1540
HOTEL SANTA F�,Rodovia Euclides da Cunha ,Hot�is e Mot�is,(17) 3631-3108
LITANI PARK HOTEL,Rua 16 ,Hot�is e Mot�is,(17) 3631-5300
MAXIMUS MOTEL,Rodovia dos Barrageiros ,Hot�is e Mot�is,(17) 99210-6465
MOTEL FASCINIUS,Rua Jos� Domingues da Fonseca ,Hot�is e Mot�is,(17) 99757-2594
MOTEL HOLLEY,Rodovia Euclides da Cunha ,Hot�is e Mot�is,(17) 3631-1642
MOTEL MONT BLANCH,Rodovia Euclides da Cunha ,Hot�is e Mot�is,(17) 99745-2457
RHARUS MOTEL,Rodovia Euclides da Cunha ,Hot�is e Mot�is,(17) 3631-3145
SOLAR DE PEDRA,Rua 08 ,Hot�is e Mot�is,(17) 3631-1414
IMOBILI�RIA EST�NCIA SANTA F�,RUA 05 ,Im�veis,(17) 3631-6837
SANTA F� ASSESSORIA IMOBILI�RIA,Rua 12 ,Im�veis,(17) 3631-5305,(17) 99623-8632
IMOBILI�RIA YOSHIDA,Rua 27 ,Im�veis,(17) 3631-3131
IMOBENS,Rua 09 ,Im�veis,(17) 3631-3991,(17) 99704-2272,(17) 98177-2666
JM NEG�CIOS IMOBILI�RIOS,Avenida Navarro de Andrade ,Im�veis,(17) 3631-6003
APJ LOTEAMENTOS,Rua 16 ,Im�veis,(17) 3631-0721
IRM�OS CLEMENTE LOTEAMENTO,Avenida Brasil ,Im�veis,(17) 3643-1162
LOTEAMENTO RESIDENCIAL LAGOA DA GAR�A,RUA JOAO DE OLIVEIRA LOPES ,Im�veis,(17) 3661-1274
CASA IM�VEIS,Avenida Conselheiro Ant�nio Prado ,Im�veis,(17) 3631-2746
COLIBRI IM�VEIS,Rua 08 ,Im�veis,(17) 3631-5544
MOENDA IM�VEIS,Rua 18 ,Im�veis,(17) 3631-1229
PAULANI CORRETORA DE IM�VEIS,Rua 07 ,Im�veis,(17) 3641-2268
QMZ PATRIMONIAL,Rua 07 ,Im�veis,(17) 3631-0414
QUEIR�Z MARQUES EMPREENDIMENTOS,Rua 07 ,Im�veis,(17) 3631-0414
RESIDENCIAL GIRASSOL,Rua L�rios ,Im�veis,(17) 3631-6646
RT EMPREENDIMENTOS IMOBILI�RIOS,Rua Brasil ,Im�veis,(17) 3641-2334
TERRA NOBRE IMOBILI�RIA,Rua 05 ,Im�veis,(17) 3631-4207
IDEAL TOLDOS,Rua 05 ,Ind�stria,(17) 3631-6165
TOLDOS SANTA F�,Alameda Rio Tiet� ,Ind�stria,(17) 3631-4466
QUATRO ESTA��ES,Rua Albino Proni ,Ind�stria,(17) 3631-2919
PEDRO M�VEIS,Avenida Grandes Lagos ,Ind�stria,(17) 98129-9867,(17) 99125-2452
JDG MARCENARIA,Zona Rural ,Ind�stria,(17) 99781-8286
LASER GR�FICA,Avenida Navarro de Andrade ,Ind�stria,(17) 3631-3524
PREST M�VEIS,Rua do Progresso ,Ind�stria,(17) 3631-2876
ILHA BELA BATENTES E PORTAS,Rua Ot�lio Amorim Teixeira ,Ind�stria,(17) 99777-4462
GA�CHO MADEIRAS,Rua Sul ,Ind�stria,(17) 3631-5533,(17) 3631-1520
CARV�O ALMEIDA,Rua 24 ,Ind�stria,(17) 3631-3072
CARV�O BRAS�O,Avenida Giocondo Giovani Gazotto ,Ind�stria,(17) 3663-1251
CAFEEIRA E CEREALISTA TOBAL,Rua Jo�o Ortega Alcolea ,Ind�stria,(17) 3692-1173
CAFEEIRA PARAN�,Rua Jos� Domingues da Fonseca ,Ind�stria,(17) 3631-3316
ALHO SOL NASCENTE,Rua Taquaritinga ,Ind�stria,(17) 3691-1171
ABELLA CONFEC��ES,Rua 17 ,Ind�stria,(17) 99154-2564
ART & FERRO,Avenida Marginal ,Ind�stria,(17) 99130-6774
ARTE MINEIRA M�VEIS R�STICO,Rua 11 ,Ind�stria,(17) 98169-2996
BARCOS RIOMAR,Rua Jos� Domingues da Fonseca ,Ind�stria,(17) 3631-7159
B�SICO MADEIRAS,Avenida Conselheiro Ant�nio Prado ,Ind�stria,(17) 3631-2674
BENEFICIADORA SANTA CRUZ,Avenida Conselheiro Ant�nio Prado ,Ind�stria,(17) 3631-2104
BRASILIAN FISH,Rua Jos� Domingues da Fonseca ,Ind�stria,(17) 3631-9100
CACHA�A ARTESANAL SABOR DA EST�NCIA,Rua Ot�lio Amorim Teixeira ,Ind�stria,(17) 3631-4780
CAF� BRASINHA,Rua Jos� Domingues da Fonseca ,Ind�stria,(17) 3631-1240
CLARISSA CONFEC��ES,Rua do Empreendedor ,Ind�stria,(17) 3631-4886
CONPAV,Avenida Waldemar Lopes Ferraz ,Ind�stria,(17) 3631-3011
D'CORT FERRAMENTAS,Rua Jos� Domingues da Fonseca ,Ind�stria,(17) 3631-7028
ECO MURALHA,Avenida Grandes Lagos ,Ind�stria,(17) 99617-2557
F�BRICA DE M�VEIS PICCININ,Rua 05 ,Ind�stria,(17) 3631-7050
F�BRICA DE M�VEIS SOARES,Rua 07 ,Ind�stria,(17) 3631-2481
F�BRICA DE RA��O RAGUIFE,Zona Rural ,Ind�stria,(17) 3631-4347
F�BRICA DE RODOS SANTA F�,Avenida Grandes Lagos ,Ind�stria,(17) 3631-2676
FERRAMENTARIA ARSUFFI,Avenida Grandes Lagos ,Ind�stria,(17) 3631-6030
FLASH COVER,Rua Marginal ,Ind�stria,(17) 3641-9030
FLASH TAPETES,Rua Jos� Domingues da Fonseca ,Ind�stria,(17) 3631-5414
FUMOS DIPLOMATA,Rua Jos� Domingues da Fonseca ,Ind�stria,(17) 3631-2120
GAZOLLA,Rua Jos� Domingues da Fonseca ,Ind�stria,(17) 3631-1904
GELO PRIMAVERA,Ch�cara Primavera ,Ind�stria,(17) 3631-2198
GENESEAS AQUACULTURA,Zona Rural ,Ind�stria,(17) 99147-2794
GJ BRAZIL CLIMATIZA��O,Avenida dos Pinheiros ,Ind�stria,(17) 3631-6004
GR�FICA IMAGE,Rua 27 ,Ind�stria,(17) 3631-4165
GR�FICA VILELA,Avenida Conselheiro Ant�nio Prado ,Ind�stria,(17) 3631-1075
GRANISUL,Avenida Grandes Lagos ,Ind�stria,(17) 3631-2609
IND�STRIA DE M�VEIS RODRIGUES,Rua 18 ,Ind�stria,(17) 3631-1811
JBS FRIGOR�FICO,Vicinal Ver�ssimo Fernandes ,Ind�stria,(17) 3631-9000
JRA M�VEIS,Rua Jos� Domingues da Fonseca ,Ind�stria,(17) 3631-1853
KANOVA M�VEIS,Rua 12 ,Ind�stria,(17) 99704-0100
LATIC�NIOS CATUPIRY,Vicinal Ver�ssimo Fernandes ,Ind�stria,(17) 3631-1034
LMCA CONFEC��ES,Rua 11 ,Ind�stria,(17) 3631-2258
LUDI CONFEC��ES E BORDADOS,Rua 04 ,Ind�stria,(17) 3631-3782
LUSO BRASILEIRA MADEIRAS,Rua Jos� Domingues da Fonseca ,Ind�stria,(17) 3631-2115
LUXOLAR,Rua Jos� Domingues da Fonseca ,Ind�stria,(17) 3631-4375
MADEIREIRA COSTANERA,Rua 02 ,Ind�stria,(17) 3631-2521
MADEIREIRA CUMINI,Avenida Grandes Lagos ,Ind�stria,(17) 3631-6898
MADEIREIRA SANTO EXPEDITO,Rua do Progresso ,Ind�stria,(17) 3641-2163
MANDALA CONFEC��ES,Rua 12 ,Ind�stria,(17) 3631-2012
MARGIFLEX MANGUEIRAS,Rua Jos� Domingues da Fonseca ,Ind�stria,(17) 3631-6051
MARIZA CONFEC��ES,Rua do Empreendedor ,Ind�stria,(17) 3641-1632
METAL�RGICA GOULART,Rua do Progresso ,Ind�stria,(17) 99633-9939
MILTON M�VEIS,Rua 10 ,Ind�stria,(17) 3631-3063
MOLAS SANTO ANT�NIO,Rua Jos� Domingues da Fonseca ,Ind�stria,(17) 3631-2131
M�VEIS EM FERRO,Rua Jos� Domingues da Fonseca ,Ind�stria,(17) 3631-3764
M�VEIS JD,Rua 29 ,Ind�stria,(17) 99702-1502
MOVELARIA MARCENARIA,Avenida Conselheiro Ant�nio Prado ,Ind�stria,(17) 99774-8183
MSA ARTEFATOS DE ARAMES,Rua Jos� Domingues da Fonseca ,Ind�stria,(17) 3641-2025
NASCIMENTO MONTAGENS INDUSTRIAIS,Alameda Rio S�o Francisco ,Ind�stria,(17) 3641-1181
NOSSO TEMPERO,Rua do Empreendedor ,Ind�stria,(17) 3641-1523
NOVA SANTA F� MADEIRAS,Rua do Empreendedor ,Ind�stria,(17) 3631-2749
NOVO VISUAL TOLDOS,Avenida Grandes Lagos ,Ind�stria,(17) 99120-3751
PARAFLEX,Avenida Grandes Lagos ,Ind�stria,(17) 3631-6190
P�LO CLIMA,Rua do Empreendedor ,Ind�stria,(17) 3631-5348
RIBERPOLY,Avenida Grandes Lagos ,Ind�stria,(17) 3631-3776
ROBELO PORTAS E ACESS�RIOS,Rua Sul ,Ind�stria,(17) 3641-1542
RS FERRAMENTAS,Rua do Progresso ,Ind�stria,(17) 3631-4918
SANTA F� ALUM�NIO,Avenida Grandes Lagos ,Ind�stria,(17) 3631-7408
SANTA F� FISH,Rua de Novembro ,Ind�stria,(17) 99707-8488
SANTIAGO COUROS,Rua Perimetral Leste ,Ind�stria,(17) 3631-9080
S�O JOS� M�VEIS,Rua do Progresso ,Ind�stria,(17) 3631-5121
SEMBRAEX SEMENTES,Rodovia Euclides da Cunha ,Ind�stria,(17) 3641-2500
SERRARIA S�O PEDRO,Rua Jos� Domingues da Fonseca ,Ind�stria,(17) 3631-4510
SPACE ROCK,Avenida Conselheiro Ant�nio Prado ,Ind�stria,(17) 3631-5749
UNIFER,Rua S�o Vicente de Paula ,Ind�stria,(17) 3631-3946
VISUARTE,Rua 05 ,Ind�stria,917) 3631-1180
YOVITA,Rua Norte ,Ind�stria,(17) 3631-1092
ZIPPY ALIMENTOS,Estrada STL 351 ,Ind�stria,(17) 3663-1356
COMPUTADORES.COM,Rua 14 ,Inform�tica e Eletr�nicos ,(17) 3631-4966
COMATEC,Rua 14 ,Inform�tica e Eletr�nicos ,(17) 3631-2323
ZAP SOLU��O EM INFORM�TICA,RUA 17 ,Inform�tica e Eletr�nicos ,(17) 3631-6020
PAL�CIO DOS PRESENTES E INFORM�TICA,Avenida Navarro de Andrade ,Inform�tica e Eletr�nicos ,(17) 3631-4741,(17) 98188-9048,(17) 99198-0091,(17) 99774-3121
ELETR�NICA SANTA F�,Rua 14 ,Inform�tica e Eletr�nicos ,(17) 3631-1469
BEST PRINT,Avenida Conselheiro Ant�nio Prado ,Inform�tica e Eletr�nicos ,(17) 3631-6978,(17) 3631-6119
JET SYSTEM INFORM�TICA,Rua 09 ,Inform�tica e Eletr�nicos ,(17) 3631-2954,(17) 99785-5613
VIVO REMATEL,Rua 14 ,Inform�tica e Eletr�nicos ,(17) 3631-2697,(17) 99661-1088
CENTRAL ELETR�NICA,Rua 13 ,Inform�tica e Eletr�nicos ,(17) 3631-6637
LAN HOUSE GALERA ONLINE,RUA 04 ,Inform�tica e Eletr�nicos ,(17) 99735-4491
WASTECH INFORMATICA,Rua Nidoval Reis ,Inform�tica e Eletr�nicos ,(17) 99648-9992
ELETRONICA MARTINS,Rua M�rio Bretas Saraiva ,Inform�tica e Eletr�nicos ,(17) 99184-9181
ELETROT�CNICA SANTA F�,Avenida Conselheiro Ant�nio Prado ,Inform�tica e Eletr�nicos ,(17) 3631-3445
ELETR�NICA �UDIO VIDEO,Rua 14 ,Inform�tica e Eletr�nicos ,(17) 3631-1768
ELETR�NICA AVENIDA,Avenida Conselheiro Ant�nio Prado ,Inform�tica e Eletr�nicos ,(17) 3631-3081
RA RIBEIRO ASSIST�NCIA,Rua Albino Proni ,Inform�tica e Eletr�nicos ,(17) 3631-5945
ART CEL,Rua 16 ,Inform�tica e Eletr�nicos ,(170 3631-4525
COMPUTEC,Rua 13 ,Inform�tica e Eletr�nicos ,(17) 3631-1834
DIGITAL AUTOMA��O,Rua 16 ,Inform�tica e Eletr�nicos ,(17) 3631-3073
ELETR�NICA BRASIL,Avenida Navarro de Andrade ,Inform�tica e Eletr�nicos ,(17) 3631-5563
ELETR�NICA UNI�O,Rua 15 ,Inform�tica e Eletr�nicos ,(17) 3631-3505
F�CILL INFORMATICA,Rua 07 ,Inform�tica e Eletr�nicos ,(17) 3631-1910
GAMMA SOLU��ES,Alameda Rio Amazonas ,Inform�tica e Eletr�nicos ,(17) 3631-1549
GNA INFORM�TICA,Rua Jo�o Batista Guimar�es ,Inform�tica e Eletr�nicos ,(17) 3641-1545
ID ASSIST�NCIA T�CNICA,Rua 09 ,Inform�tica e Eletr�nicos ,(17) 99637-9651
JR CELULARES,Rua 14 ,Inform�tica e Eletr�nicos ,(17) 99712-2487
LAN HOUSE E ELETR�NICA,Avenida Giocondo Giovani Gazotto ,Inform�tica e Eletr�nicos ,(17) 3663-149
MARTEK CELULAR,Avenida Navarro de Andrade ,Inform�tica e Eletr�nicos ,(17) 3631-3062
MS TECNOLOGIA,Rua 16 ,Inform�tica e Eletr�nicos ,(17) 3631-0443
MUNDO BIN�RIO,Rua 07 ,Inform�tica e Eletr�nicos ,(17) 3631-6771
O DOIS CELULAR,Avenida Navarro de Andrade ,Inform�tica e Eletr�nicos ,(17) 3631-4335
SANTA F� INFORM�TICA,Rua 12 ,Inform�tica e Eletr�nicos ,(17) 3631-2734
SISTEMA GENIAL,Rua Rio Grande do Sul ,Inform�tica e Eletr�nicos ,(17) 3631-2062
SPEED INFORM�TICA,Avenida Navarro de Andrade ,Inform�tica e Eletr�nicos ,(17) 3631-5698
TEC CELL,Rua 07 ,Inform�tica e Eletr�nicos ,(17) 3631-2415
TECIDOS E CONFEC��ES SANTA PAULA,Rua 14 ,Moda e Acess�rios,(17) 3631-1317
B�SICO BRASIL,Rua 07 ,Moda e Acess�rios,(17) 3631-6043
VILALBA MODAS DOIS,Avenida Conselheiro Ant�nio Prado ,Moda e Acess�rios,(17) 3631-5272
CHARME BOLSAS E ACESS�RIOS,Avenida Navarro de Andrade ,Moda e Acess�rios,(17) 3641-1806
BRANCO & CIA,Avenida Conselheiro Ant�nio Prado ,Moda e Acess�rios,(17) 3641-1247
FEIR�O DOS TOCIDOS,Avenida Santana ,Moda e Acess�rios,(17) 3692-1183
ALZIRA MODAS,Rua 15 ,Moda e Acess�rios,(17) 3631-1630
ANTONY MODAS,Rua Mario Bretas Saraiva ,Moda e Acess�rios,(17) 3691-1407
BETH MODAS,Rua 01 ,Moda e Acess�rios,(17) 3631-1206
CHAL�ZINHO MODAS,Avenida Conselheiro Ant�nio Prado ,Moda e Acess�rios,(17)03631-1360
CHRIS MICHELLE MODAS,Rua 19 ,Moda e Acess�rios,(17) 99131-2292
CIDINHA MODA FESTA,Rua Ernesto Francisco Marques ,Moda e Acess�rios,(17) 3631-5007
CLE ART MODAS,Avenida Santana ,Moda e Acess�rios,(17) 99125-7702
COMPASSO CENTER MODAS,Rua 09 ,Moda e Acess�rios,(17) 3631-3261
DALVA MODAS,Rua 14 ,Moda e Acess�rios,(17) 3631-1155
ELEGANCE MODAS,Avenida Conselheiro Ant�nio Prado ,Moda e Acess�rios,(17) 3631-0471
ELLA ARTIGOS LINGERIE E MODA PRAIA,Rua 15 ,Moda e Acess�rios,(17) 6341-2257
ESPLENDORE MODAS,Rua 14 ,Moda e Acess�rios,(17) 3631-3554
MARIA MODAS,Rua 12 ,Moda e Acess�rios,(17) 3641-1881
MAROCA MODAS E ACESS�RIOS,Rua 07 ,Moda e Acess�rios,(17) 3631-1403
MODA KA,Rua 09 ,Moda e Acess�rios,(17) 3631-5372
MODA MANIA,Rua 14 ,Moda e Acess�rios,(17) 3631-5971
OP��O MODAS,Rua 14 ,Moda e Acess�rios,(17) 3631-7332
PURACASO MODAS,Rua 14 ,Moda e Acess�rios,(17) 3631-3127
RECANTO MODAS,Rua Fern�o Paes Barros ,Moda e Acess�rios,(17) 3691-1298
REDUK MODA �NTIMA E SENSUAL,Rua 12 ,Moda e Acess�rios,(17) 3641-1746
SHOW MODAS,Rua 09 ,Moda e Acess�rios,(17) 3631-4542
SOL E LUA MODA �NTIMA,Rua 07 ,Moda e Acess�rios,(17) 3631-6728
STAR MODA �NTIMA,Rua 04 ,Moda e Acess�rios,(17) 99151-1151
THAQTHA MODAS,Rua 13 ,Moda e Acess�rios,(17) 3631-4730
VIT�RIA MODAS,Rua 14 ,Moda e Acess�rios,(17) 3631-1254
WM MODAS,Rua Rinaldo Franzotti ,Moda e Acess�rios,(17) 3643-1212
CONT�GGIO,Rua 12 ,Moda e Acess�rios,(17) 3641-1394
APOLO MODA MASCULINA,Rua 14 ,Moda e Acess�rios,(17) 3631-0411
LOCA MIX,Rua Guilherme C�ndido Vieira ,Moda e Acess�rios,(17) 3691-0507
DUNA STORE,Rua 14 ,Moda e Acess�rios,(17) 3631-6270
A ATUAL CONFEC��ES,Rua 09 ,Moda e Acess�rios,(17) 3631-4209
A BARATINHA,Rua 14 ,Moda e Acess�rios,(17) 3631-0775
ADONAI,Avenida Conselheiro Ant�nio Prado ,Moda e Acess�rios,(17) 3641-0644
AKASO CONFEC��ES,Avenida Conselheiro Ant�nio Prado ,Moda e Acess�rios,(17) 3641-8144
ALGO CHICK,Rua Jo�o Alcal� Garcia ,Moda e Acess�rios,(17) 99110-8538
ALGOD�O DOCE,Avenida Navarro de Andrade ,Moda e Acess�rios,(17) 3631-3717
ALQUIMIA BOUTIQUE,Rua 07 ,Moda e Acess�rios,(17) 3631-4173
ANGEL NIGHT LINGERIE,Rua 11 ,Moda e Acess�rios,(17) 3631-7107
ARMAZ�M COUNTRY,Rua 14 ,Moda e Acess�rios,(17) 3641-1274
ART FINA,Rua 09 ,Moda e Acess�rios,(17) 3641-2316
ARTE DA SEDU��O,Avenida Paulo Nunes da Silva ,Moda e Acess�rios,(17) 3641-1898
ATACAD�O DOS CAL�ADOS,Rua do Empreendedor ,Moda e Acess�rios,(17) 3641-1291
BAMBOLL�,Rua 14 ,Moda e Acess�rios,(17) 3631-0827
BAZAR NOSSA SENHORA APARECIDA,Avenida Navarro de Andrade ,Moda e Acess�rios,(17) 3631-4713
BEL J�IAS,Rua 02 ,Moda e Acess�rios,(17) 3631-1287
BELLA BOLSAS E ACESS�RIOS,Rua 14 ,Moda e Acess�rios,(17) 3631-4735
BIAL� KIDS,Rua Sete ,Moda e Acess�rios,(17) 3631-1292
BISSOLI CAL�ADOS,Avenida Navarro de Andrade ,Moda e Acess�rios,(17) 3631-6746
CAL�ADOS SILVINHA,Rua Jos� Domingues da Fonseca ,Moda e Acess�rios,(17) 3631-2529
CASA BRASILEIRA,Rua 14 ,Moda e Acess�rios,(17) 3631-1474
CENTER CAL�ADOS,Rua 14 ,Moda e Acess�rios,(17) 99715-6259
CHICK CASUAL,Rua 07 ,Moda e Acess�rios,(17) 3641-2068
CLASSICA BOUTIQUE,Avenida Navarro de Andrade ,Moda e Acess�rios,(17) 3631-0755
CL�UDIA OLIVEIRA CONCEPT STORE,Rua 07 ,Moda e Acess�rios,(17) 3641-1924
CRIATIVA CONFEC��ES,Avenida Conselheiro Ant�nio Prado ,Moda e Acess�rios,(17) 3641-1432
DANTAS CAL�ADOS E CONFEC��ES,Avenida Navarro de Andrade ,Moda e Acess�rios,(17) 3631-1128
DEJA,Avenida Conselheiro Ant�nio Prado ,Moda e Acess�rios,(17) 3631-2906
DUDA FASHION,Rua 04 ,Moda e Acess�rios,(17) 3614-2420
EMPORIUM,Rua 14 ,Moda e Acess�rios,(17) 3631-0482
ERVA DOCE,Avenida Conselheiro Ant�nio Prado ,Moda e Acess�rios,(17) 3641-2065
ESPA�O VESTT,Avenida Conselheiro Ant�nio Prado ,Moda e Acess�rios,(17) 3631-6966
ESPORTE ESPETACULAR,Avenida Navarro de Andrade ,Moda e Acess�rios,(17) 3631-2313
EXCLUSIVA NOIVAS,Rua 12 ,Moda e Acess�rios,(17) 3631-3833
FAMA BOUTIQUE,Rua 14 ,Moda e Acess�rios,(17) 3631-2377
FINAS LINGERIE,Alameda Rio Tiet� ,Moda e Acess�rios,(17) 3631-0975
FLOR DA PELE,Rua 07 ,Moda e Acess�rios,(17) 3631-1114
GENTE MIUDA,Rua 09 ,Moda e Acess�rios,(17) 3631-4177
GIANNINI SPORTS - LOJA,Rua 09 ,Moda e Acess�rios,(17) 3631-2729
GLOBO ESPORTE,Rua 14 ,Moda e Acess�rios,(17) 3631-2677
GUIDO,Rua 09 ,Moda e Acess�rios,(17) 3631-3238
HOMBRE,Rua 09 ,Moda e Acess�rios,(17) 3631-1504
IMPACTO,Rua 14 ,Moda e Acess�rios,(17) 3631-2943
IMPORIUM CAL�ADOS,Rua 17 ,Moda e Acess�rios,(17) 3631-1178
JS FOLHEADOS,Rua 08 ,Moda e Acess�rios,(17) 3631-2319
JV2 FOLHEADOS,Rua Benedito Silveira Leite ,Moda e Acess�rios,(17) 3631-2538
KARISMA BOUTIQUE,Rua 11 ,Moda e Acess�rios,(17) 3631-3366
LOJAS MEIO PRE�O,Rua 14 ,Moda e Acess�rios,(17) 3631-1266
MA BEL�SSIMA,Rua 12 ,Moda e Acess�rios,(17) 3641-2199
MAGAZINE MAGUETAS,Avenida Conselheiro Ant�nio Prado ,Moda e Acess�rios,(17) 3631-1563
MAIS BARATO CAL�ADOS,Rua 14 ,Moda e Acess�rios,(17) 3631-5948
MAISON LA JUR NOIVAS,Avenida Conselheiro Ant�nio Prado ,Moda e Acess�rios,(17) 3631-3290
MANOEL CAL�ADOS E CONFEC��ES,Rua 14 ,Moda e Acess�rios,(17) 3631-1682
MANZOLI CAL�ADOS,Rua 09 ,Moda e Acess�rios,(17) 3631-2731
MEDIDA CERTA,Rua 07 ,Moda e Acess�rios,(17) 3631-2340
MIL KOISAS,Avenida Ana Rocha De Oliveira ,Com�rcio,(17) 3691-1386
MIX BIJOUX,Rua 14 ,Moda e Acess�rios,(17) 3631-1472
MODERNINHA,Rua 14 ,Moda e Acess�rios,(17) 3641-1410
NOSSO BAZAR,Avenida Navarro de Andrade ,Moda e Acess�rios,(17) 99756-2916
O BOTIC�RIO,Rua 14 ,Moda e Acess�rios,(17) 3631-4226
OMORI JEANS,Rua 07 ,Moda e Acess�rios,(17) 3631-5901
OUROMIL J�IAS,Avenida Conselheiro Ant�nio Prado ,Moda e Acess�rios,(17) 3631-4419
PERFUMARIA SHOPPING IMPORT,Rua 14 ,Moda e Acess�rios,(17) 3631-6123
PING BIJU,Rua 09 ,Moda e Acess�rios,(17) 3641-1437
PIR�MIDE CAL�ADOS,Rua 14 ,Moda e Acess�rios,(17) 3641-1256
PRISMA CONFEC��ES & LINGERIE,Rua 09 ,Moda e Acess�rios,(17) 3631-2673
RAINHA DAS ROUPAS,Rua 14 ,Moda e Acess�rios,(17) 3631-0464
ROSA DU,Avenida Navarro de Andrade ,Moda e Acess�rios,(17) 3631-3140
ROSA D�,Rua 14 ,Moda e Acess�rios,(17) 3631-6584
SAINT FEYRLIM SEMI-J�IAS,Rua do Empreendedor ,Moda e Acess�rios,(17)3631-4839
SAPPATARIA,Rua 14 ,Moda e Acess�rios,(17) 3631-6048
SELARIA E SAPATARIA S�O JOS�,Avenida Navarro de Andrade ,Moda e Acess�rios,(17) 3631-3340
SERENA NOIVAS,Rua Sete ,Moda e Acess�rios,(17) 3641-2002
SHOPP DEZ,Rua 13 ,Moda e Acess�rios,(17) 99757-0282
STYLLUS CAL�ADOS E CONFEC��ES,Rua 14 ,Moda e Acess�rios,(17) 3631-1134
TECIDOS E CONFEC��ES MANZOLI,Rua 14 ,Moda e Acess�rios,(17) 3631-2777
TODA LINDA,Avenida Conselheiro Ant�nio Prado ,Moda e Acess�rios,(17) 36141-0407
TOK SHOP CONFEC��ES,Rua 14 ,Moda e Acess�rios,(17) 3631-3447
TOQUE M�GICO,Avenida Navarro de Andrade ,Moda e Acess�rios,(17) 3641-2027
VICT�RIA WESTERN,Rua 14 ,Moda e Acess�rios,(17) 3631-6028
XICP� CHINELARIA,Rua 07 ,Moda e Acess�rios,(17) 3631-2289
FROTA ENTULHO,Rua 20 ,Profissionais e Servi�os ,(17) 3641-1264
PRONI ESTRUTURAS MET�LICAS,Avenida dos Pinheiros ,Profissionais e Servi�os ,(17) 3631-1618,(17) 99704-4470
ADERLUZ,Rua 29 ,Profissionais e Servi�os ,(17) 3631-2654,(17) 3641-1441,(17) 99791-6685
ENZIMAQ LOCA��O DE M�QUINAS E EQUIPAMENTOS,Rua Dez ,Profissionais e Servi�os ,(17) 3631-1737,(17) 99785-8804,(17) 98172-2140,(17) 99135-1845
CASA DA LIMPEZA,Avenida Conselheiro Ant�nio Prado ,Profissionais e Servi�os ,(17) 3631-5766
ELETROSUL,Avenida Conselheiro Ant�nio Prado ,Profissionais e Servi�os ,(17) 3631-5145,(17) 99605-4824,(17) 99241-1069
DEDETIZADORA ARROYO,Rua 16 ,Profissionais e Servi�os ,(17) 3641-2217
L&R DEDETIZA��O,Rua Ant�nio Carlos de Almeida ,Profissionais e Servi�os ,(17) 99702-5510
DESINSETIZADORA VETOPRAG,Rua Jo�o Alcal� Garcia ,Profissionais e Servi�os ,(17) 99781-7575,(17) 99220-8898
REAL CHAVEIRO,Rua 16 ,Profissionais e Servi�os ,(17) 3631-6552,(17) 99128-7059,(17) 98128-3554
CHAVEIRO EXPRESSO,Rua 14 ,Profissionais e Servi�os ,(17) 3641-1676,(17) 99704-5341,(17) 98143-9615
KATA ENTULHO,Rua 24 ,Profissionais e Servi�os ,(17) 3631-4455
EDU AR,Rua 16 ,Profissionais e Servi�os ,(17) 3641-0594
SELMI TELECOM,Rua 21 ,Profissionais e Servi�os ,(17) 3631-7221
TEC PORT,Rua 10 ,Profissionais e Servi�os ,(17) 3641-1516
MASTER SEG ALARMES,Rua Agostinho Maschio ,Profissionais e Servi�os ,(17) 3631-3823
AUTOCAPAS E ESTOFADOS SANTA F�,Rua 10 ,Profissionais e Servi�os ,(17) 3631-5002,(17) 99704-1080
SANTA F� CALHAS E RUFOS,Rua 16 ,Profissionais e Servi�os ,(17) 3631-1218
TAPE�ARIA DATORRE,Avenida Navarro de Andrade ,Profissionais e Servi�os ,(17) 3631-4196
OLIVEIRA LOCA��ES,Avenida Industrial ,Profissionais e Servi�os ,(17) 3691-0705
DAUTTO TAPE�ARIA EM COURO,Avenida Conselheiro Ant�nio Prado ,Profissionais e Servi�os ,(17) 98118-6714
TAPE�ARIA BAHAMAS,Rua 07 de Setembro ,Profissionais e Servi�os ,(17) 3631-5582
TAPE�ARIA CHIK,Rua 10 ,Profissionais e Servi�os ,(17) 3631-2748
TAPE�ARIA NOVA ERA,Rua 24 ,Profissionais e Servi�os ,(17) 3631-5745
TAPE�ARIA RENOVA��O,Rua 07 ,Profissionais e Servi�os ,(17) 3631-3089
TAPE�ARIA SILVA,Rua 18 ,Profissionais e Servi�os ,(17) 3631-1950
TAPE�ARIA E SERRALHERIA TONI ZAVAN,Avenida industrial ,Profissionais e Servi�os ,(17) 3691-1212
HB MOTOS,Rua S�o Paulo Piratininga ,Profissionais e Servi�os ,(17) 3691-1635
MINERA��O GRANDES LAGOS,Rua Francisco Barreto ,Profissionais e Servi�os ,(17) 3691-0668
COMUNICATIVA PONTO NET,Rua 08 ,Profissionais e Servi�os ,(17) 3631-6285
LAVA R�PIDO PRISMA,Avenida Industrial ,Profissionais e Servi�os ,(17) 99669-7858
LAVA R�PIDO S�O PAULO,Avenida Ana Rocha De Oliveira ,Profissionais e Servi�os ,(17) 99165-5014
FUNER�RIA BOM JESUS,Avenida Ana Rocha De Oliveira ,Profissionais e Servi�os ,(17) 3691-1281
FUNER�RIA ROSA MISTICA,Rua M�rio Bretas Saraiva ,Profissionais e Servi�os ,(17) 3691-1437
FUNER�RIA SANTA F�,Rua 16 ,Profissionais e Servi�os ,(17) 3631-5871
FUNER�RIA SANTA RITA,Avenida S�o Paulo ,Profissionais e Servi�os ,(17) 3643-1252
FUNER�RIA S�O JOS�,Rua 16 ,Profissionais e Servi�os ,(17) 3631-1339
ASTURIAS DESENVOLVIMENTO URBANO,Avenida Giocondo Giovani Gazotto ,Profissionais e Servi�os ,(17) 3663-1281
ESCRIT�RIO LEX,Avenida Miguel Renda ,Profissionais e Servi�os ,(17) 3691-1103
AUTOCENTER RUBIN�IA,Rua Jos� Luiz Correia ,Profissionais e Servi�os ,(17) 3661-1368
BUI� AUTOCAR,Avenida Navarro de Andrade ,Profissionais e Servi�os ,(17) 3641-2227
AUTOESCOLA FAMA,Avenida Ana Rocha De Oliveira ,Profissionais e Servi�os ,(17) 3691-1155
AUTOESCOLA TR�S FRONTEIRAS,Avenida Miguel Renda ,Profissionais e Servi�os ,(17) 3691-1462
BIOTEC,Rua 06 ,Profissionais e Servi�os ,(17) 3631-4294
BRAZILUZ EL�TRICA,Avenida Navarro de Andrade ,Profissionais e Servi�os ,(17) 3641-1528
CLUBE OAB,Avenida Guanabara ,Profissionais e Servi�os ,(17) 3691-7500
LA SOLDA E SERVI�OS,Rua Jos� Domingues da Fonseca ,Profissionais e Servi�os ,(17) 3631-3577
LA SOLDAS & SERVI�OS,Rua Jos� Domingues da Fonseca ,Profissionais e Servi�os ,(17) 3631-3577
REFRIGERA��O ELETROLAR,Rua 09 ,Profissionais e Servi�os ,(17) 3631-1873
ROBELO PAIN�IS E PORTAS,Rua Jos� Alexandre Santana ,Profissionais e Servi�os ,(17) 3641-2525
SANTA RITA TERCEIRIZA��O,Avenida Avelino Alonso Baldo ,Profissionais e Servi�os ,(17) 3643-1237
THERMOCENTER,Rua Ataydes Rodrigues de Oliveira ,Profissionais e Servi�os ,(17) 3641-1762
VINE PAIN�IS E SINALIZA��O,Rua Julio Xavier de Jesus ,Profissionais e Servi�os ,(17) 3631-4121
ACC PORT�ES E ALARMES,Viela Paulista ,Profissionais e Servi�os ,(17)3631-7342
AGROT�CNICA PERENCINI,Rua 14 ,Profissionais e Servi�os ,(17) 3631-1933
ALFAIATARIA DO VIOLA,Rua 16 ,Profissionais e Servi�os ,(17) 99731-1245
BALAN�AS MAIOLLO,Avenida Conselheiro Ant�nio Prado ,Profissionais e Servi�os ,(17) 99794-4356
BELLA'S ARTES,Rua 14 ,Profissionais e Servi�os ,(17) 99637-9988
BRASILUZ EL�TRICA,Avenida Navarro de Andrade ,Profissionais e Servi�os ,(17) 3641-1528
CASTOR LIMPEZA A SECO,Rua Pedro Belo ,Profissionais e Servi�os ,(17) 3631-6908
DIAMANTE M�QUINAS E EQUIPAMENTOS,Rua Jos� Domingues da Fonseca ,Profissionais e Servi�os ,(17) 3631-2845
DISQUE CA�AMBA,Avenida Conselheiro Ant�nio Prado ,Profissionais e Servi�os ,(17) 3984
ENGEPLAN,Avenida Conselheiro Ant�nio Prado ,Profissionais e Servi�os ,(17) 3631-2137
ENROLAMENTO DE MOTORES NOSSA SENHORA APARECIDA,Avenida Conselheiro Ant�nio Prado ,Profissionais e Servi�os ,(17) 3631-5694
FERRARESE ESQUADRILHAS MET�LICAS,Rua Mitio Sonoda ,Profissionais e Servi�os ,(17) 99776-2077
GOLD TEC INTERNET,Avenida Navarro de Andrade ,Profissionais e Servi�os ,(17) 3631-4452
GOLFINHO INTERNET,Rua 07 ,Profissionais e Servi�os ,(17) 3631-6769
GRANADO LAVAGENS DE ESTOFADOS,Rua 08 ,Profissionais e Servi�os ,(17) 98134-3105
GRUPO F�NIX,Rua 12 ,Profissionais e Servi�os ,(17) 3631-6445
HALOHA ESTAMPARIA E BRINDES,Rua 12 ,Profissionais e Servi�os ,(17) 3631-5997
IPIRANGA REFRIGERA��O,Avenida Conselheiro Ant�nio Prado ,Profissionais e Servi�os ,(17) 3631-3484
JJ COBERTURAS,Rua do Progresso ,Profissionais e Servi�os ,(17) 99746-6596
JR HIDR�ULICA E USINAGEM,Avenida Grandes Lagos ,Profissionais e Servi�os ,(17) 99787-3324
J�NIOR GUINCHO,Rua Grecia ,Profissionais e Servi�os ,(17) 99714-1041
LAN HOUSE ADRENALINA,Avenida Navarro de Andrade ,Profissionais e Servi�os ,(17) 3641-1814
LAVE F�CIL LAVANDERIA SANTA F�,Rua 14 ,Profissionais e Servi�os ,(17) 3631-6086
LCM MOTORES E PORT�ES,Rua 19 ,Profissionais e Servi�os ,(17) 3631-5936
LELA REFRIGERA��O,Rua 22 ,Profissionais e Servi�os ,(17) 3631-3453
LEN�OL �GUA VIVA,Rua 15 ,Profissionais e Servi�os ,(17) 3631-3729
LM CALHAS,Rua 10 ,Profissionais e Servi�os ,(17) 99141-8905
LOCATEC,Rua Ant�nio Carlos de Almeida ,Profissionais e Servi�os ,(17) 3631-5588
MAC SOL,Avenida Grandes Lagos ,Profissionais e Servi�os ,(17) 99714-3576
MADEIREIRA FIORESE,Avenida Grandes Lagos ,Profissionais e Servi�os ,(17) 3631-3264
MELFINET,Rua 09 ,Profissionais e Servi�os ,(17) 3631-1003
MIL CORA��ES,Rua Chile ,Profissionais e Servi�os ,(17) 3631-7141
NR SANTA F� LOCADORA DE M�QUINAS,Rua Jos� Gomes ,Profissionais e Servi�os ,(17) 99144-4118
OFICINA TORNO SANTA F�,Rua S�o Vicente de Paula ,Profissionais e Servi�os ,(17) 3631-6881
PATR�CIO CALHAS,Rua 21 ,Profissionais e Servi�os ,(17) 3631-5349
PERSA LOCA��O DE MUNCK,Avenida Grandes Lagos ,Profissionais e Servi�os ,(17) 99761-5955
PRO-AR,Rua Jos� Gomes ,Profissionais e Servi�os ,(17) 99613-3470
PROGEO AMBIENTAL,Rua J�lio Xavier de Jesus ,Profissionais e Servi�os ,(17) 3641-1852
RB MADEIRAS,Rua Jos� Domingues da Fonseca ,Profissionais e Servi�os ,(170 3631-2577
REFORMA DE ESTOFADOS POLIATO,Rua 07 ,Profissionais e Servi�os ,(17) 3631-2211
REFRIGERA��O GELOTEC,Rua Perimetral Oeste ,Profissionais e Servi�os ,(17) 3631-2930
REFRIGERA��O SANTA F�,Rua 13 ,Profissionais e Servi�os ,(17) 3631-2283
REFRIGERA��O ZERO GRAU,Avenida Grandes Lagos ,Profissionais e Servi�os ,(17) 3631-6464
ROBELO PAIN�IS,Rua Jos� Alexandre Santana ,Profissionais e Servi�os ,(17) 98190-6499
SANTA F� NET,Rua 15 ,Profissionais e Servi�os ,(17) 3631-9090
SOS ELETRO,Avenida Conselheiro Ant�nio Prado ,Profissionais e Servi�os ,(17) 3641-1390
STAR FRIOS REFRIGERA��O,Rua do Empreendedor ,Profissionais e Servi�os ,(17) 3631-5715
TB CALHAS,Avenida Conselheiro Ant�nio Prado ,Profissionais e Servi�os ,(17) 99164-3553
TORSOLDA SANTA F�,Rua Mitio Sonoda ,Profissionais e Servi�os ,(17) 99706-8808
TRIO PANCAD�O,Rua 11 ,Profissionais e Servi�os ,(17) 3631-6293
TRIO TALISM�,Rua Espanha ,Profissionais e Servi�os ,(17) 99704-1345
VIGIL�NCIA NOTURNA SANTA F�,Rua Boiadeira ,Profissionais e Servi�os ,(17) 99704-1537
LANCHONETE T� PAGAAAANO,Avenida Conselheiro Ant�nio Prado ,Fast Food,(17) 3641-1246,(17) 3631-1513,(17) 99762-5252,(17) 99109-4420,(17) 98165-4814
ESFIRRARIA SANTA F�,Rua 15 ,Fast Food,(17) 3631-6053,(17) 99184-0205
JAPA BURGUER,Avenida Navarro de Andrade ,Fast Food,(17) 3641-0874
BIG BOI ESPETARIA,Avenida Navarro de Andrade ,Fast Food,(17) 3641-1750
PIZZARIA DON VALORI,Avenida Navarro de Andrade ,Fast Food,(17) 3641-2039,(17) 3631-2328 (17) 99183-7118
TOKIO SUSHI BAR,Rua 15 ,Fast Food,(17) 3631-3732
PIZZARIA BOM DEMAIS,Avenida Waldemar Lopes Ferraz ,Fast Food,(17) 3631-5742
MORADA DA PIZZA,Rua 14 ,Fast Food,(17) 3631-7070
PIZZARIA BETINHO,Rua 10 ,Fast Food,(17) 3631-2752,(17) 99667-6500
ILDA PASTELARIA,Rua 10 ,Fast Food,(17) 3631-0887
BUTEKO LANCHES,Pra�a St�lio Machado ,Fast Food,(17) 3631-3651
LANCHONETE �DER MIX,Rua das Margaridas ,Fast Food,(17) 3631-4118
MEC DINNO'S,Alameda Rio Amazonas ,Fast Food,(17) 3631-2554,(17) 99738-5971,(17) 99126-8690
AGUINALDO LANCHES,Rua 13 ,Fast Food,(17) 3631-2964
LANCHONETE DO BIGODE,Rua L�rios ,Fast Food,(17) 3631-7367
LANCHONETE MAGAIVER,Avenida Navarro de Andrade ,Fast Food,(17) 3641-1053
TIA VILMA LANCHES,Avenida Navarro De Andrade ,Fast Food,(17) 3631-0866
LANCHONETE BEM BOLADO,Avenida Navarro de Andrade ,Fast Food,(17) 3631-6423,(17) 99123-0466
PIZZARIA & ESFIHARIA DI NAPOLI,Rua 14 ,Fast Food,(17) 3631-1205,(17) 99629-6012,(17) 98222-2221
IPPON SUSHI RESTAURANTE,Avenida Navarro de Andrade ,Fast Food,(17) 3641-1060
ORIENTAL EXPRESSS,Avenida Waldemar Lopes Ferraz ,Fast Food,(17) 3631-1191
PIT STOP,Rua 14 ,Fast Food,(17) 3631-4974
PIT STOP �GUA NA BOCA,Avenida Navarro de Andrade ,Fast Food,(17) 98125-6550
SABOR E REQUINTE,Avenida Navarro de Andrade ,Fast Food,(17) 3631-0771
ITALIANINHA,Avenida Conselheiro Ant�nio Prado ,Fast Food,(17) 3641-0891
PULO DO GATO,Alameda Rio Amazonas ,Fast Food,(17) 3631-6838
LANCHONETE DA ROSE,Avenida Navarro de Andrade ,Fast Food,(17) 3641-2133
LANCHONETE IPANEMA,RUA JUPEI NAKANO ,Fast Food,(17) 3661-0634
LANCHONETE MORADA DO SOL,Avenida Guanabara ,Fast Food,(17) 99144-9560
LANCHONETE NICOLAS,Avenida Presidente Castelo Branco ,Fast Food,(17) 3661-1506
LANCHONETE QUERO MAIS,Avenida Presidente Castelo Branco ,Fast Food,(17) 3661-1386
PIZZARIA BOM APETITE,Avenida Navarro de Andrade ,Fast Food,(17) 3631-7289
BIG LANCHES,Avenida Mangar� ,Fast Food,(17) 99604-7339
BIZI LANCHES,Avenida Conselheiro Ant�nio Prado ,Fast Food,(17) 3631-5173
CHARRO'S HAMBURGUERIA,Rua 13 ,Fast Food,(17) 3641-0759
CHURRASCARIA PAULIST�O,Rua Empreendedor ,Fast Food,(17) 3631-1757
ESPETINHO BOM DEMAIS,Avenida Conselheiro Ant�nio Prado ,Fast Food,(17) 99103-8625
ESPETOS O CAIPIR�O,Avenida Navarro de Andrade ,Fast Food,(17) 3631-2447
LANCHONETE DA DONA MARIA,Alameda Rio Tiet� ,Fast Food,(17) 3641-1106
LANCHONETE E PETISCARIA FILEZ�O,Rua 07 de Setembro ,Fast Food,(17) 3631-6953
NELSON LANCHES,Avenida Navarro de Andrade ,Fast Food,(17) 3631-5245
NETO BAR E LANCHONETE,Rua 08 ,Fast Food,(17) 3631-5450
PASTELARIA COLOMBO,Avenida Navarro de Andrade ,Fast Food,(17) 3631-5472
PASTELARIA RUBIN�IA,Avenida Navarro de Andrade ,Fast Food,(17) 99718-1810
RESTAURANTE E LANCHONETE DO CARECA,Avenida Mangar� ,Fast Food,(17) 3641-1123
BODY TIME,Avenida Navarro de Andrade ,Beleza e Est�tica,(17) 3631-0863
ACADEMIA BIOFITNESS,Rua Carlos Campos ,Beleza e Est�tica,(17) 98171-3158
ACADEMIA REGINA AMBAR,Rua 16 ,Beleza e Est�tica,(17) 3631-2263
INSTITUTO EMBELLEZE,Avenida Navarro de Andrade ,Beleza e Est�tica,(17) 3631-6024
ACADEMIA OFICINA DO CORPO,Rua 08 ,Beleza e Est�tica,(17) 3631-4088
ACADEMIA SPORTS TEAM,RUA JOAO SUTTO ,Beleza e Est�tica,(17) 99738-1737
ACADEMIA SUPERA��O,Rua 08 ,Beleza e Est�tica,(17) 99762-9491
ACADEMIA VIDA E SA�DE,Rua 15 ,Beleza e Est�tica,(17) 3631-2620
ESPA�O VIDA SA�DAVEL CENTRAL,Rua 07 ,Beleza e Est�tica,(17) 98141-3463
PHYSICAL ACADEMIA FEMININA,Avenida Paulo Nunes da Silva ,Beleza e Est�tica,(17) 3641-1018
ST�DIO AND PERSONAL,Rua Deraldo da Silva Prado ,Beleza e Est�tica,(17) 99131-3857
YOGA,Avenida Grandes Lagos ,Beleza e Est�tica,(17) 3641-9900
F�NIX BELEZA FASHION,Rua 14 ,Beleza e Est�tica,(17) 3631-7048
RACCO,Rua 06 ,Beleza e Est�tica,(17) 3641-2197
NAOMI COSM�TICOS,Avenida Navarro de Andrade ,Beleza e Est�tica,(17) 3631-4040
SEVEN PERFUMARIA,Travessa L�rios ,Beleza e Est�tica,(17) 99192-7445
VIA COSM�TICA,Rua 09 ,Beleza e Est�tica,(17) 3631-3562
MOTO TAXI S� DOIS,Avenida Navarro de Andrade ,Telefones �teis,(17) 3631-3809
MOTO T�XI EST�NCIA,Rua 09 ,Telefones �teis,(17) 3631-4891
MOTO TAXI S�O PAULO,Rua 14 ,Telefones �teis,(17) 3631-2100
CART�RIO DE REGISTRO CIVIL E NOTAS - SANTA CLARA D'OESTE,Avenida Giocondo Giovani Gazotto ,Telefones �teis,(17) 3663-1171
CASA DO CRIADOR S�O JUDAS TADEU,Avenida Giocondo Giovani Gazotto ,Telefones �teis,(17) 3663-1121
LOT�RICA BOLA DE OURO,Rua Rinaldo Franzotti ,Telefones �teis,(17) 3643-1212
LOT�RICA CAMINHO DA SORTE,Rua Mario Bretas Saraiva ,Telefones �teis,(17) 3691-1154
LOT�RICA SANTA CLARA,Avenida Giocondo Giovani Gazotto ,Telefones �teis,(17) 99652-1898
LOT�RICA SKALA,Avenida Presidente Castelo Branco ,Telefones �teis,(17) 3661-1325
LOT�RICA SANTA F�,Rua 14 ,Telefones �teis,(17) 3631-1603
LOT�RICA TRILHA DA SORTE,Avenida Navarro de Andrade ,Telefones �teis,(17) 3631-2544
ROSA M�STICA,Rua 16 ,Telefones �teis,(17) 3631-6070
T�XI,Pra�a Salles Filho ,Telefones �teis,(17) 3631-1509
AUTO ESPORTE,Avenida Navarro de Andrade ,Ve�culos e Cia,(17) 3631-4545,(17) 3631-3000
SANTA F� PNEUS,Rua 06 ,Ve�culos e Cia,(17) 3631-5455
JL PNEUS,Avenida Navarro de Andrade ,Ve�culos e Cia,(17) 3631-2371
NOEL PNEUS,Avenida Conselheiro Ant�nio Prado ,Ve�culos e Cia,(17) 3631-2547,(17) 99114-6770,99781-9712,98104-7276
WIL SOM,Avenida Navarro de Andrade ,Ve�culos e Cia,(17) 3631-4970
EST�NCIA MOTOS,Avenida Navarro de Andrade ,Ve�culos e Cia,(17) 3641-1569,(17) 98182-4834,(17) 99157-8167
OP��O MOTOS,Rua 19 ,Ve�culos e Cia,(17) 3631-5880,(17) 99210-6306,(17) 98108-3854,(17) 99722-2150
ESMAEL MARTELINHO DE OURO,RUA 05 ,Ve�culos e Cia,(17) 3631-3842
TOP TROCA DE �LEO,Avenida Conselheiro Ant�nio Prado ,Ve�culos e Cia,(17) 3631-2759
SANTA F� LUBRIFICANTES,Avenida Navarro de Andrade ,Ve�culos e Cia,(17) 3631-5633
AUTOFILM,Avenida Navarro de Andrade ,Ve�culos e Cia,(17) 3631-2685,(17) 98167-5885,(17) 99218-7547,(17) 99776-3246
LAVA R�PIDO NOVA OP��O,Avenida Conselheiro Ant�nio Prado ,Ve�culos e Cia,(17) 3631-1971
BET�O CAR FUNILARIA E PINTURA,Rua Sul ,Ve�culos e Cia,(17) 3641-1866
PERFECT CENTRO AUTOMOTIVO,Avenida Navarro de Andrade ,Ve�culos e Cia,(17) 3631-5482,(17) 99635-8440,(17) 99647-5352
ACESS�RIOS E ESCAPAMENTOS BANDEIRANTES,Avenida Navarro de Andrade ,Ve�culos e Cia,(17) 3631-1718
DISTRIBUIDORA DE PE�AS CONFIAN�A,Rua 17 ,Ve�culos e Cia,(17) 3641-2458
AUTOPE�AS BANDEIRANTE,Avenida Navarro de Andrade ,Ve�culos e Cia,(17) 3631-1082
AUTOMEC�NICA ROSSI,Avenida Conselheiro Ant�nio Prado ,Ve�culos e Cia,(17) 3631-6794
AUTOESCOLA SANTA F�,Rua 11 ,Ve�culos e Cia,(17) 3631-1868,(17) 3631-3292,(17) 99608-3421,(17) 99608-4642,(17) 99608-4410
TECNOAR,Avenida Navarro de Andrade ,Ve�culos e Cia,(17) 3631-2574
BARRETO PNEUS,Avenida Conselheiro Ant�nio Prado ,Ve�culos e Cia,(17) 3631-5354
BRITO CENTRO AUTOMOTIVO,Avenida Navarro de Andrade ,Ve�culos e Cia,(17) 3631-1210,(17) 3631-3376,(17) 3631-1324
TISO PNEUS,Avenida Navarro de Andrade ,Ve�culos e Cia,(17) 3631-3605,(17) 3631-3869,(17) 98164-4371
PORTAL PNEUS,Avenida Navarro de Andrade ,Ve�culos e Cia,(17) 3631-6818
SANTA F� CENTRO AUTOMOTIVO,Rua 16 ,Ve�culos e Cia,(17) 3641-1144
RGG AUTOPE�AS,Alameda Rio Tiet� ,Ve�culos e Cia,(17) 3631-3402,(17) 99101-7399
CENTER DIESEL BOMBAS INJETORAS,Rua Jos� Domingues da Fonseca ,Ve�culos e Cia,(17) 3631-3724
REAL �LEO LUBRIFICANTE,Rua 14 ,Ve�culos e Cia,(17) 3631-2372
FERRO VELHO BONS AMIGOS,Rua do Progresso ,Ve�culos e Cia,(17) 3631-2348
LATINO BOSH CAR SERVICE,Rua Jos� Domingues da Fonseca ,Ve�culos e Cia,(17) 3631-2486
PEDRINHO SOM,Avenida Navarro de Andrade ,Ve�culos e Cia,(17) 3641-1996
OFICINA DO MARC�O,Rua 09 de Julho ,Ve�culos e Cia,(17) 3631-0492
AUTOMEC�NICA MAURI,Rua Sul ,Ve�culos e Cia,(17) 3631-5266
OFICINA MEC�NICA DO GORDO,Rua Izaura Brigidio  ,Ve�culos e Cia,(17) 99604-3671
OFICINA S�O JOS�,Rua Guilherme C�ndido Vieira ,Ve�culos e Cia,(17) 3691-1287
RR LAVA JATO,Rua Theodomiro Alves Correa ,Ve�culos e Cia,(17) 99614-7674
AUTOCAR FUNILARIA,Rua Jos� Domingues da Fonseca ,Ve�culos e Cia,(17) 3641-2019
FERRO VELHO S�O PAULO,Rua Jos� Domingues da Fonseca ,Ve�culos e Cia,(17) 3631-1441
DESPACHANTE SILAS,Avenida Santana ,Ve�culos e Cia,(17) 3692-1236
CENTRO AUTOMOTIVO NOSSA SENHORA APARECIDA,RUA ANTONIO RODRIGUES MARTINS ,Ve�culos e Cia,(17) 99184-6823
CENTRO AUTOMOTIVO SANTA RITA,Avenida Presidente Vargas ,Ve�culos e Cia,(17) 99153-3423
PRIZMA AUTOCENTER,Avenida Industrial ,Ve�culos e Cia,(17) 3691-1532
BORRACHARIA DO CELINO,Rua Alceb�ades Pereira Castro ,Ve�culos e Cia,(17) 99631-6115
AUTOPOSTO CANTINA,Rodovia Euclides da Cunha ,Ve�culos e Cia,(17) 3631-4218
AUTOPOSTO CINQUENT�O,Rua 01 ,Ve�culos e Cia,(17) 3681-1136
AUTOPOSTO DOIS IRM�OS,Avenida Navarro de Andrade ,Ve�culos e Cia,(17) 3641-1655
AUTOPOSTO ESTRELA BRILHANTE,Rua Manoel De Campos Bicudo ,Ve�culos e Cia,(17) 3691-1460
AUTOPOSTO IPIRANGA,Avenida Conselheiro Ant�nio Prado ,Ve�culos e Cia,(17) 3631-1564
AUTOPOSTO MOTTA,Avenida S�o Paulo ,Ve�culos e Cia,(17) 3643-1113
AUTOPOSTO NOVO SANTA F�,Avenida Navarro de Andrade ,Ve�culos e Cia,(17) 3631-5363
AUTOPOSTO PETRUS,Avenida Navarro de Andrade ,Ve�culos e Cia,(17) 3631-6909
AUTOPOSTO RIO GRANDE,Avenida Navarro de Andrade ,Ve�culos e Cia,(17) 3631-1213
AUTOPOSTO RUBIN�IA,Rua Nidoval Reis ,Ve�culos e Cia,(17) 3661-1117
AUTOPOSTO SANTA CLARA,Avenida Giocondo Giovani Gazotto ,Ve�culos e Cia,(17) 3663-1135
AUTOPOSTO S�O PAULO,Avenida Conselheiro Ant�nio Prado ,Ve�culos e Cia,(17) 3631-3311
AUTOPOSTO S�O PEDRO,Rua Jo�o Ortega Alcolea ,Ve�culos e Cia,(17) 3692-1113
AUTOPOSTO S�LIDA,Avenida Navarro de Andrade ,Ve�culos e Cia,(17) 3631-1658
AUTOPOSTO TANGAR�,Avenida Miguel Renda ,Ve�culos e Cia,(17) 3691-1142
AUTOPE�AS E MEC�NICA DEVA,Avenida Navarro de Andrade ,Ve�culos e Cia,(17) 3631-7421
AUTOPE�AS L�DER,Avenida Navarro de Andrade ,Ve�culos e Cia,(17) 3631-2920
AUTOPE�AS REI DE SANTA F�,Avenida Navarro de Andrade ,Ve�culos e Cia,(17) 3631-0853
FURLAUTO AUTOPE�AS,Rua 14 ,Ve�culos e Cia,(17) 3641-2200
INTER PARTS DISTRIBUIDORA DE AUTOPE�AS,Rua Carlos Campos ,Ve�culos e Cia,(17) 3641-1041
AUTOBRILHO,Avenida Navarro de Andrade ,Ve�culos e Cia,(17) 3631-6156
AUTOMEC�NICA ALMEIDA CAR,Rua Julio Cardoso Sobrinho ,Ve�culos e Cia,(17) 3692-1231
AUTOMEC�NICA CL�UDIO,Avenida Conselheiro Ant�nio Prado ,Ve�culos e Cia,(17) 3631-1919
AUTOMEC�NICA CONTIERO,Rua 23 ,Ve�culos e Cia,(17) 3631-4471
AUTOMEC�NICA DIT�O,Rua Avelino Fantin ,Ve�culos e Cia,(17) 3643-1170
AUTOMEC�NICA E EL�TRO ISHIY,Avenida Navarro de Andrade ,Ve�culos e Cia,(17) 3631-2011
AUTOMEC�NICA JB,Rua S�o Vicente de Paulo ,Ve�culos e Cia,(17) 3631-0945
AUTOMEC�NICA LOPES,Rua M�rio de Andrade ,Ve�culos e Cia,(17) 991255982
AUTOMEC�NICA MORELLI,Avenida Navarro de Andrade ,Ve�culos e Cia,(17) 3631-1774
AUTOMEC�NICA PERSONAL CAR,Avenida Navarro de Andrade ,Ve�culos e Cia,(17) 3631-1882
AUTOMEC�NICA RENATO,Avenida Mangar� ,Ve�culos e Cia,(17) 3641-1541
AUTOMEC�NICA STOP CAR,Rua Jos� Luiz Correia ,Ve�culos e Cia,(17) 99106-5670
AUTOMEC�NICA VARDIN,Avenida Conselheiro Ant�nio Prado ,Ve�culos e Cia,(17) 3631-1788
AUTOMEC�NICA VOLKS,Rua 01 ,Ve�culos e Cia,(17) 99761-5846
AUTOMEC�NICA ZANETTE,Rua Carlos Campos ,Ve�culos e Cia,(17) 3631-2072
BETO AUTOMEC�NICA,Rua 07 ,Ve�culos e Cia,(17) 3631-1915
L� CAR AUTOMEC�NICA,Rua Empreendedor ,Ve�culos e Cia,(17) 3631-1383
MEC�NICA AGR�COLA S�O PAULO,Avenida Avelino Alonso Baldo ,Ve�culos e Cia,(17) 99704-6299
RECON AUTOMEC�NICA,Rua do Empreendedor ,Ve�culos e Cia,(17) 99164-4204
AUTOESCOLA EST�NCIA CAR,Rua 16 ,Ve�culos e Cia,(17) 3631-3338
AUTOESCOLA REUNIDAS,Avenida Conselheiro Ant�nio Prado ,Ve�culos e Cia,(17) 3631-5976
AUTOESCOLA SINAL VERDE,Avenida Navarro de Andrade ,Ve�culos e Cia,(17) 3631-6500
AUTOPE�AS E EL�TRICA PAULIST�O,Rua do Empreendedor ,Ve�culos e Cia,(17) 3631-3561
AUTOEL�TRICA DILCAR,Avenida Navarro de Andrade ,Ve�culos e Cia,(17) 3641-1424
AUTOEL�TRICA ELIZEU,Avenida dos Carreteiros ,Ve�culos e Cia,(17) 3631-2581
AUTOEL�TRICO ANDOCAR,Avenida Navarro de Andrade ,Ve�culos e Cia,(17) 3631-3728
AUTOEL�TRO ALCAL�,Avenida Navarro de Andrade ,Ve�culos e Cia,(17) 3631-1286
AUTOEL�TRO CL�UDIO,Avenida Conselheiro Ant�nio Prado ,Ve�culos e Cia,(17) 3631-5680
AUTOEL�TRO L�DER,Avenida Navarro de Andrade ,Ve�culos e Cia,(17) 3641-1161
AUTOEL�TRO YUKI,Rua 09 ,Ve�culos e Cia,(17) 3631-3030
FELTRIN AUTOEL�TRICA,Rua Altino De queir�z ,Ve�culos e Cia,(17) 3691-1315
CENTER MOTOS,Avenida Navarro de Andrade ,Ve�culos e Cia,(17) 3641-1214
CENTRAL MOTOS,Avenida Paulo Nunes da Silva ,Ve�culos e Cia,(17) 3641-1343
DESPACHANTE ABAET�,Avenida Conselheiro Ant�nio Prado ,Ve�culos e Cia,(17) 3631-4600
PEDRO FIAT,Avenida Conselheiro Ant�nio Prado ,Ve�culos e Cia,(17) 3631-3733
SUCAUTO PE�AS E ACESS�RIOS,Rua do Empreendedor ,Ve�culos e Cia,(17) 3631-7191
TOP VISTORIAS,Rua Dom Pedro 2� ,Ve�culos e Cia,(17) 3631-4868
TRACTOR SUL,Rua Sul ,Ve�culos e Cia,(17) 3631-6995
YOSHIDA AUTOCENTER,Avenida Conselheiro Ant�nio Prado ,Ve�culos e Cia,(17) 3631-6090
PR�TIKA VISTORIA VEICULAR,Rua 12 ,Ve�culos e Cia,(17) 3631-5847
AB FUNILARIA E PINTURA,Avenida Conselheiro Ant�nio Prado ,Ve�culos e Cia,(17) 3641-0769
ABEL MARTELINHO DE OURO,Rua 05 ,Ve�culos e Cia,(17) 99608-5444
AD CENTRO AUTOMOTIVO,Avenida Conselheiro Ant�nio Prado ,Ve�culos e Cia,(17) 3641-0869
ALIAN�A VE�CULOS,Rua 17 ,Ve�culos e Cia,(17) 3641-1444
ALINHAMENTO E BALANCEAMENTO DO IRM�O,Rua do Empreendedor ,Ve�culos e Cia,(17) 3641-1357
ALPHA ELETRODIESEL,Avenida Grandes Lagos ,Ve�culos e Cia,(17) 3641-0650
�NCORA DESPACHANTE,Avenida Navarro de Andrade ,Ve�culos e Cia,(17) 3631-3853
APRAVEL VE�CULOS,Avenida Navarro de Andrade ,Ve�culos e Cia,(17) 3641-9240
BEM VINDO FUNILARIA E PINTURA,Rua Fransisco Jos� Carvalho ,Ve�culos e Cia,(17) 99131-5351
BLACK FILM CENTRO AUTOMOTIVO,Rua 15 ,Ve�culos e Cia,(17) 3641-0689
BONANZA VE�CULOS,Avenida Navarro de Andrade ,Ve�culos e Cia,(17) 3631-3113
BORRACHARIA AVENIDA,Avenida Conselheiro Ant�nio Prado ,Ve�culos e Cia,(17) 3631-5211
BORRACHARIA CANTINA,Rodovia Euclides da Cunha ,Ve�culos e Cia,(17) 3631-2067
BORRACHARIA DO MIR�O,Rua do Empreendedor ,Ve�culos e Cia,(17) 99791-5950
BORRACHARIA DO PERNINHA,Rodovia Euclides da Cunha ,Ve�culos e Cia,(17) 99704-5190
BORRACHARIA FURLAUTO,Avenida Navarro de Andrade ,Ve�culos e Cia,(17) 3631-3903
BORRACHARIA H�LI�O,Rodovia Euclides da Cunha ,Ve�culos e Cia,(17) 99106-6181
BORRACHARIA ZAINA,Avenida Navarro de Andrade ,Ve�culos e Cia,(17) 98152-8405
CAMILA AUTOM�VEIS,Avenida Navarro de Andrade ,Ve�culos e Cia,(17) 3631-1227
CAR SHOW,Avenida Navarro de Andrade ,Ve�culos e Cia,(17) 3631-2274
CARETA FUNILARIA,Rua Ataydes Rodrigues de Oliveira ,Ve�culos e Cia,(17) 3641-1289
CENTER CAR,Rua 05 ,Ve�culos e Cia,(17) 3631-1633
CENTRAL CAR,Rua 05 ,Ve�culos e Cia,(17) 3631-3070
CENTRO AUTOMOTIVO FILIM,Rua do Empreendedor ,Ve�culos e Cia,(17) 3631-3627
CENTRO AUTOMOTIVO MODELO,Avenida Conselheiro Ant�nio Prado ,Ve�culos e Cia,(17) 3641-2152
CFC REUNIDAS,Rua 13 ,Ve�culos e Cia,(17) 3641-2003
DALAT,Avenida Grandes Lagos ,Ve�culos e Cia,(17) 3631-3010
DESPACHANTE CANA�,Avenida Central ,Ve�culos e Cia,(17) 3681-1117
DESPACHANTE LIDER,Rua 14 ,Ve�culos e Cia,(17) 3631-2520
DESPACHANTE MODELO,Rua 07 ,Ve�culos e Cia,(17) 3631-2618
DESPACHANTE SINAL VERDE,Avenida Navarro de Andrade ,Ve�culos e Cia,(17) 3631-6015
EDI MOTOS,Avenida Navarro de Andrade ,Ve�culos e Cia,(17) 3631-5262
ESCRIT�RIO E DESPACHANTE RUBIN�IA,Rua M�rio de Andrade ,Ve�culos e Cia,(17) 3661-7396
ESTACIONAMENTO JM,Avenida Navarro de Andrade ,Ve�culos e Cia,(17) 3631-5824
EST�TICA CENTRO AUTOMOTIVO,Avenida Navarro de Andrade ,Ve�culos e Cia,(17) 3641-1378
FORSUL,Avenida Navarro de Andrade ,Ve�culos e Cia,(17) 3631-4875
FUNILARIA ANAIRTON,Rua 03 ,Ve�culos e Cia,(17) 99106-4650
FUNILARIA E PINTURA POIATI,Rua Sul ,Ve�culos e Cia,(17) 3641-1865
FUNILARIA MODERALTO,Avenida Conselheiro Ant�nio Prado ,Ve�culos e Cia,(17) 3631-3470
FUNNY CAR VE�CULOS,Rua 22 ,Ve�culos e Cia,(17) 99153-0465
GAZETTO MOTOS E N�UTICA,Rua 21 ,Ve�culos e Cia,(17) 3631-7020
GUIMAX DIESEL,Avenida Grandes Lagos ,Ve�culos e Cia,(17) 3631-4860
GUTO SOM,Rua 10 ,Ve�culos e Cia,(17) 3631-5124
JERO ESCAPAMENTOS,Avenida Navarro de Andrade ,Ve�culos e Cia,(17) 3631-2375
JOMAZA VE�CULOS,Avenida Conselheiro Ant�nio Prado ,Ve�culos e Cia,(17) 3631-3016
KS MOTOS,Avenida Navarro de Andrade ,Ve�culos e Cia,(17) 3641-1367
LAGUS TRATORES,Avenida Mariano Vicente Filho ,Ve�culos e Cia,1736313790
LAVA JATO DONATO CAR,Rua 21 ,Ve�culos e Cia,(17) 3631-5479
LAVA JATO LARANJ�O,Rua 29 ,Ve�culos e Cia,(17) 99155-6068
LAVA JATO S�O PAULO,Avenida Navarro de Andrade ,Ve�culos e Cia,(17) 3631-1886
LAVA R�PIDO SANTA F�,Rua 11 ,Ve�culos e Cia,(17) 3631-4606
LEME VE�CULOS,Avenida Navarro de Andrade ,Ve�culos e Cia,(17) 3641-1965
MC RET�FICA,Avenida Mangar� ,Ve�culos e Cia,(17) 3631-4798
MEC�NICA AGR�COLA MOLINA,Avenida Conselheiro Ant�nio Prado ,Ve�culos e Cia,(17) 3631-2735
MEND'S CAR,Avenida Navarro de Andrade ,Ve�culos e Cia,(17) 3631-1225
MERCEDIESEL SANTA F�,Rua 09 de Julho ,Ve�culos e Cia,(17) 3631-2426
MOTO PE�AS S�O PAULO,Avenida Conselheiro Ant�nio Prado ,Ve�culos e Cia,(17) 3631-2195
NENECAR FUNILARIA,Rua 21 ,Ve�culos e Cia,(17) 3631-3339
OFICINA AMERICAN AUTOS,Rua Sul ,Ve�culos e Cia,(17) 3631-5963
OFICINA MEC�NICA GILBERTO,Rua 31 ,Ve�culos e Cia,(17) 3631-1665
OHIRA CAR,Avenida Navarro de Andrade ,Ve�culos e Cia,(17) 3631-1900
PADERO ESTACIONAMENTO,Avenida Navarro de Andrade ,Ve�culos e Cia,(17) 3631-0495
PERSONAL FILM,Avenida Navarro de Andrade ,Ve�culos e Cia,(17) 3631-6263
PIT STOP PARACHOQUES,Rua 10 ,Ve�culos e Cia,(17) 99704-6706
PLACASIL IND�STRIA E COM�RCIO,Avenida Conselheiro Ant�nio Prado ,Ve�culos e Cia,(17) 3631-4852
POLY CAR,Alameda Rio Tiet� ,Ve�culos e Cia,(17) 99198-0082
POSTO BRASIL PETRO,Rodovia Euclides da Cunha ,Ve�culos e Cia,(17) 3631-1800
POSTO DE MOLA DO PANQUECA,Rua do Empreendedor ,Ve�culos e Cia,(17) 3641-1078
POSTO DE MOLAS NEGUINHO,Rua Jos� Domingues da Fonseca ,Ve�culos e Cia,(17) 99781-8603
POSTO PAULIST�O,Rua do Empreendedor ,Ve�culos e Cia,(17) 3631-1710
POSTO TOP FLEX UM,Avenida Conselheiro Ant�nio Prado ,Ve�culos e Cia,(17) 3631-2134
PROCEDE VISTORIA,Avenida Paulo Nunes da Silva ,Ve�culos e Cia,(17) 3631-5275
PUPIM MOTOS,Rua Jo�o Alcal� Garcia ,Ve�culos e Cia,(17) 3631-2480
RADIADORES NOVAIS,Avenida Conselheiro Ant�nio Prado ,Ve�culos e Cia,(17) 99172-0257
RADIADORES SANTA F�,Rua 17 ,Ve�culos e Cia,(17) 3631-3569
RECON DISCOS,Avenida Navarro de Andrade ,Ve�culos e Cia,(17) 3631-2228
RENOVADORA DE PNEUS,Rua do Progresso ,Ve�culos e Cia,(17) 99628-1629
RET�FICA SANTA F�,Avenida Grandes Lagos ,Ve�culos e Cia,(17) 3631-2978
RETISUL,Avenida Paulo Nunes da Silva ,Ve�culos e Cia,(17) 3631-6670
ROCKMAN PE�AS E SERVI�OS,Avenida Conselheiro Ant�nio Prado ,Ve�culos e Cia,(17) 3631-5728
RONE MOTOS,Rua 06 ,Ve�culos e Cia,(17) 3641-1511
RV LAVA JATO,Rua Jos� Domingues da Fonseca ,Ve�culos e Cia,(17) 99604-0953
SANTA F� DIESEL,Avenida Grandes Lagos ,Ve�culos e Cia,(17) 3631-4219
SANTA F� VEICULOS,Avenida Navarro de Andrade ,Ve�culos e Cia,(17) 3631-4404
SILCAR PNEUS,Avenida Navarro de Andrade ,Ve�culos e Cia,(17) 3641-9222
SOLU��ES FREIOS,Rua Sul ,Ve�culos e Cia,(17) 99613-2746
SPEED MULTIMARCAS,Avenida Navarro de Andrade ,Ve�culos e Cia,(17) 3631-0417
SPEEDY MOTOS,Rua 14 ,Ve�culos e Cia,(17) 3631-6573
STOP CLEAN,Rua 19 ,Ve�culos e Cia,(17) 3631-4710
STREET SOUND,Avenida Conselheiro Ant�nio Prado ,Ve�culos e Cia,(17) 99618-2847
TAKAHASHI CARDAN,Rua Jos� Domingues da Fonseca ,Ve�culos e Cia,(17) 3631-0798
TONINHO MEC�NICO,Avenida Grandes Lagos ,Ve�culos e Cia,(17) 3631-6304
TOP CAR,Rua Jos� Domingues da Fonseca ,Ve�culos e Cia,(17) 3641-2159
TOP LAVE,Travessa L�rios ,Ve�culos e Cia,(17) 3631-4135
TRATOESTE,Rodovia Euclides da Cunha ,Ve�culos e Cia,(17) 3631-3481
TUIM FUNILARIA E PINTURA,Travessa L�rios ,Ve�culos e Cia,(17) 3641-2103
V QUATRO FUNILARIA E PINTURA,Av. Conselheiro Ant�nio Prado ,Ve�culos e Cia,(17) 3631-0456
VOLKSWAGEM SANTA F�,Avenida Navarro de Andrade ,Ve�culos e Cia,(17) 3631-2000
DIRCE LOCADORA,RUA DAS MARGARIDAS ,Viagens e Transportes,(17) 3631-4426,(17) 99733-6758
ROELA TRANSPORTE E TURISMO,Rua Trajano Carolino Teixeira ,Viagens e Transportes,(17) 3631-5809
IPANEMA LOCADORA DE VANS,Rua Salvador ,Viagens e Transportes,(17) 3631-7115
ALL AM�RICA LATINA LOG�STICA,Avenida Waldemar Lopes Ferraz ,Viagens e Transportes,(17) 3641-1251
CM TRANSPORTE,Rua 14 ,Viagens e Transportes,(17) 3631-4376
DANI EXPRESS TRANSPORTES E LOG�STICA,Rua Jos� Domingues da Fonseca ,Viagens e Transportes,(17) 3641-1491
EXPRESSO ITAMARATI,Terminal Rodovi�rio  ,Viagens e Transportes,(17) 3631-01296
EXPRESSO ITAMARATI - CARGAS,Avenida Navarro de Andrade ,Viagens e Transportes,(17) 3631-1546
EXPRESSO ITAMARATI - GARAGEM,Avenida Navarro de Andrade ,Viagens e Transportes,(17) 3631-1576
GD TRANSPORTES,Rua do Empreendedor ,Viagens e Transportes,(17) 3631-0832
LINDOMAR TRANSPORTES,Rua 06 ,Viagens e Transportes,(17) 99727-5412
MACIEL LOCADORA,Rua Antonio Pacheco Sobrinho ,Viagens e Transportes,(17) 3631-7383
MASTER LOCADORA DE VANS,Rua Ot�lio Amorim Teixeira ,Viagens e Transportes,(17) 99774-9824
PUC TRANSPORTES,Rodovia Euclides da Cunha ,Viagens e Transportes,(17) 3631-1161
ROSELI RODRIGUES TURISMO,Rua 08 ,Viagens e Transportes,(17) 3631-1202
TRANSCOPA TRANSPORTADORA,Rua Washington Luiz ,Viagens e Transportes,(17) 3631-5817
TRANSPORTADORA GIANINI,Rua Nossa Senhora Aparecida ,Viagens e Transportes,(17) 3631-4018
P�ROLA,Rua 14 ,Com�rcio,(17) 3631-2400
ULTRAGAZ,Avenida Conselheiro Ant�nio Prado ,Com�rcio,(17) 3631-2832,(17) 98205-9664
COPAGAZ,Rua Carlos Campos ,Com�rcio,(17) 3631-3071,(17) 3631-1846,(17) 99755-6644,(17) 99180-7805
�GUA MINERAL LEVE,Rua Carlos Campos ,Com�rcio,(17) 3631-1846,(17) 3631-3071,(17) 99755-6644,(17) 99180-7805
RELOTEC,Rua 14 ,Com�rcio,(17) 3631-3034
�TICA CELES,Rua 14 ,Com�rcio,(17) 3631-2155
MINI MERCADO E PADARIA ITAMAR,Rua 14 ,Com�rcio,(17) 3631-4033,(17) 99763-6863,(17) 99103-8622
A ECON�MICA,Rua 14 ,Com�rcio,(17) 3641-1841,(17) 3641-0831
DATORE G�S,Rua Sul ,Com�rcio,(17) 3631-4660
LEANDRO G�S,Rua 13 ,Com�rcio,(17) 3631-1769
CASA DE DOCES CDM VARIEDADES,Avenida Navarro de Andrade ,Com�rcio,(17) 3631-7359,(17) 99736-3726
EMBALA EMBALAGENS E DOCES,Rua 16 ,Com�rcio,(17) 3631-3331
CASA SANTA F�,Rua 13 ,Com�rcio,(17) 3631-3574
ACQUA MAIS,Rua Ant�nio Carlos de Almeida ,Com�rcio,(17) 3631-3471
R&S SORVETES TABONZINHO,Rua 07 ,Com�rcio,(17) 98174-2605
A�OUGUE DO TI�O,Avenida Conselheiro Ant�nio Prado ,Com�rcio,(17) 3631-3448
A�OUGUE MINI MERCADO SANTA LUZIA,Rua 17 ,Com�rcio,(17) 3631-4260
MERCADO BANDEIRANTES,Avenida Ana Rocha De Oliveira ,Com�rcio,(17) 3691-1153
MINI MERCADO GIOVANINI,Avenida Santana ,Com�rcio,(17) 3692-1125
SBR EXPRESS,Rua 09 ,Com�rcio,(17) 3641-0261
SUPERMERCADO BOM DIA,Avenida Giocondo Giovani Gazotto ,Com�rcio,(17) 3663-1212
SUPERMERCADO JJE,Avenida S�o Paulo ,Com�rcio,(17) 3643-1249
SUPERMERCADO MIRANDA,Rua Jos� Claudio Foga�a ,Com�rcio,(17) 3691-1219
SUPERMERCADO PAIZ�O,Avenida Miguel Renda ,Com�rcio,(17) 3691-1551
SUPERMERCADO ROTA,AVENIDA S�O PAULO ,Com�rcio,(17) 3643-1176
SUPERMERCADO RUBINEIA,Avenida Presidente Castelo Branco ,Com�rcio,(17) 3661-1168
SUPERMERCADO TAKIUSHI,Avenida Presidente Castelo Branco ,Com�rcio,(17) 3661-1255
SUPERMERCADO UNI�O MORETE,Avenida Santana ,Com�rcio,(17) 3692-1119
MANZOLI PISCINA,Avenida Navarro de Andrade ,Com�rcio,(17) 3641-1029
CASA DAS ISCAS,Rua Perimetral Oeste ,Com�rcio,(17) 3631-1748
GRANDES LAGOS ARTIGOS DE PESCA,Avenida Conselheiro Ant�nio Prado ,Com�rcio,(17) 3631-3158
ISCAS MORIAH,Rua Sul ,Com�rcio,(17) 3631-4044
TRALHAS E ISCAS YAMAHA,Avenida Navarro de Andrade ,Com�rcio,(17) 3631-5100
PEIXEIRA SANTA CLARA,Rua D�bora Bocalon Hauch ,Com�rcio,(17) 3663-1183
ESKINA RR VARIEDADES,Avenida Giocondo Giovani Gazotto ,Com�rcio,(17) 3663-1186
CASA DOS �CULOS,Avenida Navarro de Andrade ,Com�rcio,(17) 3631-2896
CRISTAL �PTICA,Rua 09 ,Com�rcio,(17) 3631-5197
�PTICA URUP�S,Avenida Navarro de Andrade ,Com�rcio,(17) 3631-1747
�TICA SANTA F�,Rua 14 ,Com�rcio,(17) 3631-3204
�TICA TROPICAL,Avenida Navarro de Andrade ,Com�rcio,(17) 3631-2294
MERCEARIA MILANI,Avenida S�o Paulo ,Com�rcio,(17) 3643-1165
MERCEARIA SARUTA,Avenida S�o Paulo ,Com�rcio,(17) 3643-1298
CAMAC,Avenida Presidente Vargas ,Com�rcio,(17) 3691-1443
CONSTRULAR,Avenida Santana ,Com�rcio,(17) 3692-1153
O DISC�O,Rua 14 ,Com�rcio,(17) 3631-3897
DISTRIBUIDORA DE LEITE E FRIOS SANTA RITA,Rua Theodomiro Alves Correa ,Com�rcio,(17) 3643-1253
PROMILAT,Avenida Brasil ,Com�rcio,(17) 3643-1272
IMOBILIARIA RUBIN�IA,Avenida Presidente Castelo Branco ,Com�rcio,(17) 3661-1514
M�RCIO G�S,Rua Jos� Alexandre Santana ,Com�rcio,(17) 3631-0982
OLIVEIRA G�S,Avenida Presidente Vargas ,Com�rcio,(17) 3691-1334
ZE DO GAS,Avenida Guimar�es Rosa ,Com�rcio,(17) 99703-9833
FOTO NEW STAR,Rua M�rio Bretas Saraiva ,Com�rcio,(17) 3691-1631
J FORROS,Rua Bahia ,Com�rcio,(17) 3691-0511
KA & KE NOVIDADES,Avenida Presidente Vargas ,Com�rcio,(17) 3691-1375
SOUZA PAR FERRAMENTAS,Avenida Industrial ,Com�rcio,(17) 3691-1632
TA E TI NOVIDADES,Avenida Santana ,Com�rcio,(17) 3692-1130
IMP�RIO DAS M�GICAS,Rua M�rio Bretas Saraiva ,Com�rcio,(17) 99172
LOJAS BORD,Avenida Navarro de Andrade ,Com�rcio,(17)3631-1300
BICICLETARIA MS,Rua Jos� Claudio Foga�a ,Com�rcio,(17) 99141-5689
CASA DE AR-CONDICIONADO,Avenida Navarro de Andrade ,Com�rcio,(17) 3631-3388
PONTO FRIO AR-CONDICIONADO,Avenida Navarro de Andrade ,Com�rcio,(17) 3631-4826
TURBO AR,Rua Altino De Queir�z ,Com�rcio,(17) 99195-1791
A�OUGUE ANDRADINA,Rua 17 ,Com�rcio,(17) 3631-3239
A�OUGUE ARA�JO,Rua 12 ,Com�rcio,(17) 3641-0786
A�OUGUE BELEL�U,Rua 22 ,Com�rcio,(17) 3631-2899
A�OUGUE DO LEANDRO,Avenida Conselheiro Ant�nio Prado ,Com�rcio,(17) 3631-3906
A�OUGUE DO PAULINHO,Rua 03 ,Com�rcio,(17) 3631-3248
A�OUGUE DO PEZ�O,Avenida Conselheiro Ant�nio Prado ,Com�rcio,(17) 3631-0969
A�OUGUE E MERCEARIA SANTA CLARA,Avenida Antonio Bocalan ,Com�rcio,(17) 3663-1438
A�OUGUE E MINI MERCADO BARTOLO,Rua das Margaridas ,Com�rcio,(17) 3641-2256
A�OUGUE E MINi MERCADO MINEIRA,Rua 23 ,Com�rcio,(17) 3631-4420
A�OUGUE GRANDES LAGOS,Avenida Machado De Assis ,Com�rcio,(17) 99188-3779
A�OUGUE IANELLI,Avenida Navarro de Andrade ,Com�rcio,(17) 3631-4253
A�OUGUE SANTA B�RBARA,Rua 02 ,Com�rcio,(17) 3631-5718
CASA DE CARNE SANTANA,Avenida Santana ,Com�rcio,(17) 99137-3196
CASA DE CARNES AVENIDA,Avenida Ana Rocha De Oliveira ,Com�rcio,(17) 3691-1372
CASA DE CARNES BANDEIRANTES,Avenida Ana Rocha De Oliveira ,Com�rcio,(17) 3691-1535
CASA DE CARNES BELA VISTA,Rua 21 ,Com�rcio,(17) 3631-5040
CASA DE CARNES BOI NA BRASA,Avenida Navarro de Andrade ,Com�rcio,(17) 3631-0759
CASA DE CARNES CENTRAL,Rua 14 ,Com�rcio,(17) 3631-1860
CASA DE CARNES CONFIAN�A,Avenida Presidente Castelo Branco ,Com�rcio,(17) 3661-7298
CASA DE CARNES DONATONI,Avenida Miguel Renda ,Com�rcio,(17) 99145-4407
CASA DE CARNES FARIA,Avenida Giocondo Giovani Gazotto ,Com�rcio,(17) 99734-5487
CASA DE CARNES TRIVELATO,Avenida Conselheiro Ant�nio Prado ,Com�rcio,(17) 3631-4032
CASA DE CARNES V�IO ZACHEO,Rua 17 ,Com�rcio,(17) 3631-2038
CASA DE CARNES ZACHEO,Avenida Navarro de Andrade ,Com�rcio,(17) 3631-1851
BAZAR NEUZA,Avenida S�o Paulo ,Com�rcio,(17) 3643-1150
CASA DA LIMPEZA MATTOS,Alameda Rio Branco ,Com�rcio,(17) 99622-7896
CASA DE �CULOS,Avenida Navarro de Andrade ,Com�rcio,(17) 3631-2896
CHAVEIRO SANTA F�,Rua 07 ,Com�rcio,(17) 3631-4131
DONI G�S,Rua Benedito Silveira Leite ,Com�rcio,(17) 3631-6167
MINI MERCADO A R,Rua 06 ,Com�rcio,(17) 3641-1766
RIVA'S SUPERMERCADO,Rua das Margaridas ,Com�rcio,(17) 3631-4426
S� GAMES,Rua 17 ,Com�rcio,(17) 99135-6015
A CANDEIA,Rua 14 ,Com�rcio,(17) 99767-5154
�GUA MINERAL ACQUA VITA,Rua 19 ,Com�rcio,(17) 3631-6088
�GUA MINERAL AQUARELA,Rua 19 ,Com�rcio,(17) 3641-1174
�GUA MINERAL ARAGU�,Rua 14 ,Com�rcio,(17) 3631-2353
�GUA MINERAL HIDROLEVE,Avenida Navarro de Andrade ,Com�rcio,(17) 3631-6602
�GUA MINERAL VAN�GUA,Rua �ngelo Nardi ,Com�rcio,(17) 3631-5918
�GUA MINERAL YANNI,Rua 07 ,Com�rcio,(17) 3631-2500
AMC BORDADOS,Rua S�o Jo�o ,Com�rcio,(17) 3631-2456
ANDR� G�S,Avenida Juan Pelayo Hernandes ,Com�rcio,(17) 3663-1243
API�RIOS SANTA F�,Rua 13 ,Com�rcio,(17) 3631-1492
APOIO SKATE SHOP,Rua Washington Luiz ,Com�rcio,(17) 99114-3989
AQU�RIOSOM,Rua 14 ,Com�rcio,(17) 3631-1681
ARMARINHO KALICUTY,Avenida Conselheiro Ant�nio Prado ,Com�rcio,(17) 3631-2611
ARMAZ�M RIO GRANDE,Avenida Navarro de Andrade ,Com�rcio,(17) 3631-0892
ARTESANATO COM ARTE,Rua 05 ,Com�rcio,(17) 3631-1217
ASASEP,Avenida Conselheiro Ant�nio Prado ,Com�rcio,(17) 3631-2367
ATELI� ANETTO,Rua 16 ,Com�rcio,(17) 99735-9077
BANCA ANA MARIA,Rua 07 ,Com�rcio,(17) 3631-1491
BAR DO JAPA,Rua 16 ,Com�rcio,(17) 3641-1212
BAR E LANCHES VIT�RIA,Avenida Conselheiro Ant�nio Prado ,Com�rcio,(17) 3641-1606
BAR E MERCEARIA AQU�RIOS,Rua 18 ,Com�rcio,(17) 98134-1382
BAR E MERCEARIA BARBOSA,Rua 03 ,Com�rcio,(17) 3631-2176
BAR E MERCEARIA BELLO,Avenida Conselheiro Ant�nio Prado ,Com�rcio,(17) 3631-6701
BAR E MERCEARIA DO COMPADRE,Alameda Rio Pardo ,Com�rcio,(17) 99733-7796
BAR E MERCEARIA NOVO ESPA�O,Rua 16 ,Com�rcio,(17) 3631-7039
BAR GAROFALO,Rua 10 ,Com�rcio,(17) 99212-8261
BAZAR DO LUIZ,Rua 14 ,Com�rcio,(17) 3641-1227
BAZAR E MERCEARIA LEAL,Rua 07 de Setembro ,Com�rcio,(17) 3631-2980
BAZAR S�O LUIS,Avenida Navarro de Andrade ,Com�rcio,(17) 3631-1536
BICICLETARIA ATACAD�O,Avenida Navarro de Andrade ,Com�rcio,(17) 3631-2017
BICICLET�RIA CENTER CICLO,Avenida Navarro de Andrade ,Com�rcio,(17) 3631-3335
BICICLET�RIA CICLO RODAS,Avenida Conselheiro Ant�nio Prado ,Com�rcio,(17) 3631-2871
BICICLETARIA DA F�BRICA,Avenida Navarro de Andrade ,Com�rcio,(17) 3631-7200
BICICLET�RIA DO CARLINHOS,Rua 12 ,Com�rcio,(17) 3631-4249
BOM CLIMA,Rua 14 ,Com�rcio,(17) 3641-1803
BRASQU�MICA PRODUTOS DE LIMPEZA,Rua 21 ,Com�rcio,(17) 3631-7103
BUTANO G�S,Rua 19 ,Com�rcio,(17) 3641-1930
CABANA FRANKEBOM,Rua Perimetral Leste ,Com�rcio,(17) 3631-0942
CACAU SHOW,Rua 14 ,Com�rcio,(17) 3631-3177
CASA BURG,Avenida Conselheiro Ant�nio Prado ,Com�rcio,(17) 3631-3443
CASA DA CHURRASQUEIRA,Rua 14 ,Com�rcio,(17) 3631-1030
CASA DAS M�QUINAS,Rua 17 ,Com�rcio,(17) 3631-4076
CASA DO PARAFUSO PREGU,Rua 16 ,Com�rcio,(17) 3631-4096
CASA DOS PARAFUSOS,Rua 14 ,Com�rcio,(17) 3631-4242
CASA KUMAYAMA,Avenida Navarro de Andrade ,Com�rcio,(17) 3631-1050
CELEIRO SANTA F�,Avenida Mariano Vicente Filho ,Com�rcio,(17) 3631-4748
CENTRAL ORDENHADEIRA,Avenida Grandes Lagos ,Com�rcio,(17) 3631-3629
CHEIRO DE SOL,Avenida Navarro de Andrade ,Com�rcio,(17) 3641-1597
CIA DOS TECIDOS,Avenida Navarro de Andrade ,Com�rcio,(17) 3631-3439
CIA EXPORT,Avenida Navarro de Andrade ,Com�rcio,(17) 3631-6551
CIA SEMI J�IAS,Rua 17 ,Com�rcio,(17) 3631-1470
CICLO BEIRA RIO,Alameda Rio Tiet� ,Com�rcio,(17) 3641-1329
CLIMASUL,Rua 13 ,Com�rcio,(17) 3631-3640
COMERCIAL S�O JOS�,Avenida Navarro de Andrade ,Com�rcio,(17) 3641-1189
COMPRO OURO,Rua 14 ,Com�rcio,(17) 99159-0718
CONVENI�NCIA DO PESCADOR,Rua 10 ,Com�rcio,(17) 3631-4127
COPIADORA EVOLU��O,Rua 09 ,Com�rcio,(17) 3631-3116
COPY CENTER,Rua Cravos ,Com�rcio,(17) 3631-0977
DOCERIA SANTA F�,Avenida Navarro de Andrade ,Com�rcio,(17) 3631-7173
DOCES SANTA F�,Rua 03 Vila Mariana ,Com�rcio,(17) 3631-5961
ELITE CAPAS,Avenidas Grandes Lagos ,Com�rcio,(17) 3631-1515
ELMASA UTILIDADES,Rua 09 ,Com�rcio,(17) 99150-3204
ESTILO �TICA,Avenida Navarro de Andrade ,Com�rcio,(17) 3631-4458
FEIR�O DO ALUMINIO,Avenida Navarro de Andrade ,Com�rcio,(17) 3631-3622
FERRAZ EXTINTORES,Rua do Empreendedor ,Com�rcio,(17) 3631-3537
FINAL CINCO,Rua 14 ,Com�rcio,(17) 3631-4065
FUXICO PRESENTES,Rua 16 ,Com�rcio,(17) 3631-4168
GIANNINI SPORTS - DISTRIBUIDORA,Avenida Navarro de Andrade ,Com�rcio,(17) 3631-1320
GM SHOPPING LOJISTA,Avenida Conselheiro Ant�nio Prado ,Com�rcio,(17) 3631-5920
GUANABARA BALAN�AS,Rua 16 ,Com�rcio,(17) 3631-6462
IGUI PISCINAS,Rodovia Euclides da Cunha ,Com�rcio,(17) 3641-1194
INTERBRINDES,Rua Nicar�gua ,Com�rcio,(17) 3631-3697
JP SACARIAS,Rua 16 ,Com�rcio,(17) 3631-0439
JU�O TEXTIL,Avenida Navarro de Andrade ,Com�rcio,(17) 3631-3392
LIQUIG�S PETROBRAS,Rua Jos� Domingues da Fonseca ,Com�rcio,(17) 3631-1969
LOBELY PRESENTES E UTILIDADES,Alameda Rio Tiet� ,Com�rcio,(17) 3631-6323
LOJ�O DA TEREZINHA,Avenida Conselheiro Ant�nio Prado ,Com�rcio,(17) 3641-1505
MARTINS VARIEDADES,Avenida Conselheiro Ant�nio Prado ,Com�rcio,(17) 3631-7387
MERCADO BARBATO,Rua 17 ,Com�rcio,(17) 3631-2322
MERCADO BEM VIVER,Rua 25 ,Com�rcio,(17) 3631-6948
MERCADO NOSSA SENHORA DE F�TIMA,Avenida Central ,Com�rcio,(17) 3681-1121
MERCEARIA BOM JESUS,Rua 13 ,Com�rcio,(17) 3631-1435
MERCEARIA KIDO,Rua 18 ,Com�rcio,(17) 3631-1442
MERCEARIA MARUMOTO,Avenida Conselheiro Ant�nio Prado ,Com�rcio,(17) 3631-3656
MICO FALANTE,Avenida Conselheiro Ant�nio Prado ,Com�rcio,(17) 3631-3798
MILHO VERDE SANTA F�,Avenida Conselheiro Ant�nio Prado ,Com�rcio,(17) 3631-5291
MILTON G�S,Rua Sul ,Com�rcio,(17) 3631-5235
MINI MERCADO ELO�,Rua 17 ,Com�rcio,(17) 3631-4412
MINI MERCADO FERREIRA,Alameda Rio Tocantins ,Com�rcio,(17) 3631-2399
MINI MERCADO GARAVELLO,Rua 21 ,Com�rcio,(17) 3631-2636
MINI MERCADO GUARU,Rua 17 ,Com�rcio,(17) 3631-6045
MINI MERCADO NOSSA SENHORA APARECIDA,Rua 07 de Setembro ,Com�rcio,(17) 3641-1963
MINI MERCADO SANTA RITA DE C�SSIA,Avenida Conselheiro Ant�nio Prado ,Com�rcio,(17) 99153-3541
MINI MERCADO S�O VICENTE,Avenida Central ,Com�rcio,(17) 3681-1123
MINI MERCADO SERVE LEVE,Rua 33  ,Com�rcio,(17) 3631-0250
MINI MERCADO TRIVELLATO,Rua Bento Romano ,Com�rcio,(17) 3631-4342
MM SUPLEMENTOS,Rua 07 ,Com�rcio,(17) 3631-4698
NATURAL FRUTAS,Rua Perimetral Leste ,Com�rcio,(17) 3631-5185
NINTENDO GAMES,Rua 14 ,Com�rcio,(17) 3631-7441
OVOS SANTA F�,Rua 17 ,Com�rcio,(17) 3641-1867
OXI SANTA F�,Rua Carlos Campos ,Com�rcio,(17) 3641-1861
PAL�CIO DOS AVIAMENTOS,Rua 16 ,Com�rcio,(17) 3641-1678
PAPELARIA CATA VENTO,Avenida Conselheiro Ant�nio Prado ,Com�rcio,(17) 3631-2427
PARADISE VIDEO LOCADORA,Avenida Navarro de Andrade ,Com�rcio,(17) 3631-2073
PARAFER,Avenida Navarro de Andrade ,Com�rcio,(17) 3631-7048
RICK G�S,Rua Ot�lio Amorim Teixeira ,Com�rcio,(17) 3631-1256
ROSSI SUPERMERCADO,Avenida Navarro de Andrade ,Com�rcio,(17) 3631-2206
SAKASHITA SUPERMERCADO,Avenida Navarro de Andrade ,Com�rcio,(17) 3641-9150
STAR V�DEO,Rua 07 ,Com�rcio,(17) 3631-6612
SUPER MIX BENINI,Alameda Rio Tiet� ,Com�rcio,(17)3631-6039
SUPER �TIL,Rua 07 ,Com�rcio,(17) 631-2152
SUPERMERCADO ALIAN�A,Alameda Rio Tocantins ,Com�rcio,(17) 3631-0460
SUPERMERCADO BOM JESUS,Alameda Rio Verde ,Com�rcio,(17) 3631-2339
SUPERMERCADO BOM PASTOR,Rua 06 ,Com�rcio,(17) 3631-0424
SUPERMERCADO BOM PRE�O,Rua Perimetral Leste ,Com�rcio,(17) 3631-6466
SUPERMERCADO BOM RETIRO,Avenida Conselheiro Ant�nio Prado ,Com�rcio,(17) 3631-4251
SUPERMERCADO GUIRAO,Avenida Conselheiro Ant�nio Prado ,Com�rcio,(17) 3631-2288
SUPERMERCADO IANELLI,Avenida Navarro de Andrade ,Com�rcio,(17) 3631-4321
SUPERMERCADO LARANJA,Avenida Conselheiro Ant�nio Prado ,Com�rcio,(17) 3631-4035
SUPERMERCADO P�ROLA,Alameda Rio Tiet� ,Com�rcio,(17) 3631-1224
SUPERMERCADO ROSALEM,Rua Chile ,Com�rcio,(17) 3631-5070
SUPERMERCADO SANTO ANT�NIO,Avenida Navarro de Andrade ,Com�rcio,(17) 3631-1928
SUPERMERCADO TAMURA,Rua das Margaridas ,Com�rcio,(17) 3631-7127
SUPERMERCADO TOP,Rua 10 ,Com�rcio,(17) 3631-3094
TCHIBUM PRODUTOS PARA PISCINA E LIMPEZA,Av. Conselheiro Ant�nio Prado ,Com�rcio,(17) 3631-5420
TITULA,Rua do Empreendedor ,Com�rcio,(17) 99607-4849
TOM JOBIM,Rua 15 ,Com�rcio,(17) 3631-4255
A F�RMULA ATIVA,Rua das Margaridas ,Sa�de,(17) 3631-0485,(17) 3641-1524,99145-6068,(17) 98139-1593,(17) 99664-4158
FARMAOBA,Avenida Conselheiro Ant�nio Prado ,Sa�de,(17) 3631-4341,(17) 99144-1859,(17) 99783-4616,(17) 98105-5288
ODONTO COMPANY,RUA 05 ,Sa�de,(17) 3631-5822,(17) 3631-6638
CHICO FARMA,Rua 09 ,Sa�de,(17) 3631-1284,99624-1155,98208-2406,99192-8710
UNILAB,Avenida Navarro de Andrade ,Sa�de,(17) 3631-1187,(17) 3631-4133
LABORAT�RIO CASELLA,Rua 16 ,Sa�de,(17) 3631-1212,(17) 3631-6442
LABORAT�RIO DOUTOR EDSON EIDI WATANABE,Rua 05 ,Sa�de,(17) 3631-1580
FARMA E FARMA POPULAR,Avenida Navarro de Andrade ,Sa�de,(17) 3641-1825
FARM�CIA CIENT�FICA,Avenida Navarro de Andrade ,Sa�de,(17) 3631-2245,(17) 99737-9402
DROGALAR,Rua 14 ,Sa�de,(17) 3631-1812
FARM�CIA CENTRAL,Avenida Conselheiro Ant�nio Prado ,Sa�de,(17) 3631-1051
FARM�CIA E DROGARIA PROGRESSO,Rua 14 ,Sa�de,(17) 3631-5489,(17) 99144-4090
FARMAIS,Rua 07 ,Sa�de,(17) 3631-1833,(17) 3631-6990
FARM�CIA BIOL�GICA,Avenida Navarro de Andrade ,Sa�de,(17) 3631-3730
FARM�CIA BRASIL,Avenida Navarro de Andrade ,Sa�de,(17) 3631-1081,(17) 98119-8804,(17) 99649-5141
FARMA M�RCIA,Avenida Conselheiro Ant�nio Prado ,Sa�de,(17) 3631-5253
FARM�CIA BIOL�GICA - MANIPULA��O,Avenida Navarro de Andrade ,Sa�de,(17) 3631-6063
FARMA VIDA,Alameda Rio Tiet� ,Sa�de,(17) 3631-2369
FARMED,RUA 14 ,Sa�de,(17) 3631-2112,(17) 3631-2118
LABORAT�RIO DOUTORA S�LVIA MANZATO LARANJO,Rua 05 ,Sa�de,(17) 3631-3047
ORTOM�DICA & HPM,Avenida Navarro de Andrade ,Sa�de,(17) 3631-6035
PHARMADERMA DROGARIA E PERFUMARIA,Avenida Navarro de Andrade ,Sa�de,(17) 3631-0751
FARM�CIA DROGA VIDA,Avenida Santana ,Sa�de,(17) 3692-1177
DROGACENTRO,Rua Rinaldo Franzotti ,Sa�de,(17) 3643-1108
DROGARIA BOM PASTOR,Avenida Miguel Renda ,Sa�de,(17) 3691-0631
DROGARIA DROGALON,Avenida Miguel Renda ,Sa�de,(17) 3691-1161
DROGARIA FLORA,Avenida Ana Rocha De Oliveira ,Sa�de,(17) 3691-1178
DROGARIA RUBIN�IA,Avenida Presidente Castelo Branco ,Sa�de,(17) 3661-1143
DROGARIA SANTA RITA,Avenida S�o Paulo ,Sa�de,(17) 3643-1120
DROGARIA SANTANA,Avenida Santana ,Sa�de,(17) 3692-1134
DROGARIA S�O RAFAEL,Avenida Giocondo Giovani Gazotto ,Sa�de,(17) 3663-1120
DROGARIA VIDA E SA�DE,Avenida Presidente Castelo Branco ,Sa�de,(17) 3661-1246
APOIO HOSPITALAR,Rua 16 ,Sa�de,(17) 3631-3348
ODONTEC,Avenida Mangar� ,Sa�de,(17) 3631-6594
ABR MEDICAL,Alameda Rio S�o Francisco ,Sa�de,(17) 99134-8849
DROGARIA AILTON FARMA,Avenida Conselheiro Ant�nio Prado ,Sa�de,(17) 3631-4637
DROGARIA BEIRA RIO,Alameda Rio Tiet� ,Sa�de,(17) 3631-1354
DROGARIA CONFIAN�A,Avenida Conselheiro Ant�nio Prado ,Sa�de,(17) 3631-2643
DROGARIA MAIS ECON�MICA,Rua 16 ,Sa�de,(17) 3641-1260
DROGARIA NAVARRO,Avenida Navarro de Andrade ,Sa�de,(17) 3641-1515
DROGARIA NOSSA SENHORA APARECIDA,Avenida Central ,Sa�de,(17) 3681-1103
DROGARIA S�O LUCAS,Avenida Navarro de Andrade ,Sa�de,(17) 3631-1553
DROGASUL,Rua 09 ,Sa�de,(17) 3631-4079
DROGATEM,Avenida Navarro de Andrade ,Sa�de,(17) 3631-4365
DROGAVIDA,Rua 17 ,Sa�de,(17) 3631-5540
FARM�CIA MAGISTRAL,Avenida Navarro de Andrade ,Sa�de,(17) 3163
NAVARRO MANIPULA��O,Avenida Navarro de Andrade ,Sa�de,(17) 3631-0435
REDE DROGA BIDAS,Avenida Conselheiro Ant�nio Prado ,Sa�de,(17) 3631-1143
UNIMED ESCRIT�RIO,Avenida Navarro de Andrade ,Sa�de,(17) 3631-2773
UNIMED FARM�CIA,Avenida Navarro de Andrade ,Sa�de,(17) 3631-7240
SULMATEL,Avenida Conselheiro Ant�nio Prado ,Constru��o e Reforma,(17) 3631-4383,(17) 99748-2723,(17) 99142-2408,(17) 98147-9594
ALUART,Rua do Empreendedor ,Constru��o e Reforma,(17) 3631-1640,(17)99704-3939,(17) 98181-8181
MATERSUL,Rua Bento Romano ,Constru��o e Reforma,(17) 3631-2162,(17) 3631-3945
ALUMIVETRO,Rua 05 ,Constru��o e Reforma,(17) 3631-7389
VIDRA�ARIA KOPECK,Avenida Conselheiro Ant�nio Prado ,Constru��o e Reforma,(17) 3631-2614,(17) 99151-4504,(17) 98192-0215,(17) 99737-5070
M&Z MATERIAIS PARA CONSTRU��O,Avenida Conselheiro Ant�nio Prado ,Constru��o e Reforma,(17) 3641-2222,(17) 3641-1362,(17) 3641-1192
VIDRA�ARIA SANTA F�,Avenida Navarro de Andrade ,Constru��o e Reforma,(17) 3631-7113,(17) 99769-8649
JOED SERRALHERIA,Rua Progresso ,Constru��o e Reforma,(17) 3631-0901
KAZUO MATERIAIS EL�TRICOS HIDR�ULICOS E FERRAGENS,Avenida Navarro de Andrade ,Constru��o e Reforma,(17) 3631-2574,98103-4842,99753-4577,98185-6115
MARGI MAC MATERIAIS PARA CONSTRU��O,Rua 10 ,Constru��o e Reforma,(17) 3631-5600
MASSAO ACABAMENTOS,Avenida Navarro de Andrade ,Constru��o e Reforma,(17) 3631-2622
GESSO NOVA ERA,Rua Jos� Alexandre Santana ,Constru��o e Reforma,(17) 3641-2472
CASTEL�O DAS TINTAS,Avenida Navarro de Andrade ,Constru��o e Reforma,(17) 3631-3770,(17) 3631-2226,(17) 99727-9327,(17) 98158-3000
GESSO CASA NOVA,Rua 31 ,Constru��o e Reforma,(17) 3631-0450
CONSTRU FORT,Avenida Grandes Lagos ,Constru��o e Reforma,(17) 3631-6440,(17) 99638-6814 - (17) 99248-1005 - (17) 98208-3686
D. FIORESE,Rua do Empreendedor ,Constru��o e Reforma,(17) 3631-1014
SERRALHERIA E MATERIAIS PARA CONSTRU��O NSA,Avenida Antonio Sideaux De Lima ,Constru��o e Reforma,(17)3663-1362
SERRALHERIA STYLLOS,Avenida industrial ,Constru��o e Reforma,(17) 3691-0729
ATACAD�O CASA E CONSTRU��O,Rua 07 ,Constru��o e Reforma,(17) 3631-1862
BRUTU�S MATERIAIS PARA CONSTRUC�O,Rua Nidoval Reis ,Constru��o e Reforma,(17) 3661-1322
COMERCIAL KOBAYASHI,Avenida Conselheiro Ant�nio Prado ,Constru��o e Reforma,(17) 3631-1008
GIL MATERIAIS,Rua Jos� Claudio Foga�a ,Constru��o e Reforma,(17) 3691-1408
JMS MATERIAIS,Rua M�rio Bretas Saraiva ,Constru��o e Reforma,(17) 3691-1201
GESSO ART SANTA F�,Rua Jos� Domingues da Fonseca ,Constru��o e Reforma,(17) 3631-1974
CBR CONSTRUTORA,Rodovia Euclides da Cunha ,Constru��o e Reforma,(17) 3631-4842
STRUTURAL,Rua Albino Proni ,Constru��o e Reforma,(17) 99663-9755
CONSTRUAGRO,Rua 11 ,Constru��o e Reforma,(17) 3631-7274
MARMORARIA RODRIGUES,Rua S�o Vicente de Paula ,Constru��o e Reforma,(17) 3631-5664
MAX FORRO,Rua 17 ,Constru��o e Reforma,(17) 3631-3192
BEIRA RIO,Alameda Rio Tiet� ,Constru��o e Reforma,(17) 3631-6300
COMERCIAL RUBIN�IA,Rua Olavo Bilac ,Constru��o e Reforma,(17) 3661-1267
CONCRES�LIDA,Avenida Grandes Lagos ,Constru��o e Reforma,(17) 3631-1909
DECOR REVEST,Rua 17 ,Constru��o e Reforma,(17) 3641-1677
GRANIPISO,Rua Perimetral Leste ,Constru��o e Reforma,(17) 3631-1646
GRUPO CMG,Rua Jos� Domingues da Fonseca ,Constru��o e Reforma,(17) 3631-6345
JURUNA ESTRUTURA MET�LICAS,Rua do Progresso ,Constru��o e Reforma,(17) 99614-8385
KM EL�TRICA E HIDR�ULICA,Avenida Navarro de Andrade ,Constru��o e Reforma,(17) 3631-3428
MARIM ACABAMENTOS,Avenida Navarro de Andrade ,Constru��o e Reforma,(17) 3631-7393
MATERIAIS PARA CONSTRU��O CANA�,Avenida Central ,Constru��o e Reforma,(17) 3681-1232
RM CONCRETO POLIDO,Rua Jo�o Alcal� Garcia ,Constru��o e Reforma,(17) 99745-21227
SERRALHERIA CONFIAN�A,Rua Sul ,Constru��o e Reforma,(17) 3631-5330
SERRALHERIA DO MOACIR,Rua 01 ,Constru��o e Reforma,(17) 3631-3800
SERRALHERIA FERRO ART,Rua Pedro Stagliano ,Constru��o e Reforma,(17) 3631-4245
SERRALHERIA GRANDES LAGOS,Rua Sul ,Constru��o e Reforma,(17) 99704-3450
SERRALHERIA GUIMAR�ES,Avenida Grandes Lagos ,Constru��o e Reforma,(17) 99168-7745
SERRALHERIA JM,Avenida Paulo Nunes da Silva ,Constru��o e Reforma,(17) 3631-6364
SERRALHERIA SANTO ANT�NIO,Avenida Mariano Vicente Filho ,Constru��o e Reforma,(17) 3631-5519
SULIGRAN M�RMORES E GRANITOS,Avenida Grandes Lagos ,Constru��o e Reforma,(17) 3631-4217
TEXCOLLOR GRAFIATO,Rua 01 ,Constru��o e Reforma,(17) 99729-1155
VIDRA�ARIA CASTRO,Rua 23 ,Constru��o e Reforma,(17) 3631-1043
VIDRA�ARIA DO ZEZINHO,Avenida Conselheiro Ant�nio Prado ,Constru��o e Reforma,(17) 3641-1972
VIDRA�ARIA S�O JOS�,Avenida Conselheiro Ant�nio Prado ,Constru��o e Reforma,(17) 3631-1172
M�VEIS JARIN�,Avenida Conselheiro Ant�nio Prado ,M�veis e Cia,(17) 3631-5846
STYLO M�VEIS PARA ESCRIT�RIO,Avenida Navarro de Andrade ,M�veis e Cia,(17) 3631-4364
ART M�VEIS,Alameda Rio Tiet� ,M�veis e Cia,(17) 3631-1659
MARY M�VEIS,Avenida Ana Rocha De Oliveira ,M�veis e Cia,(17) 3691-1406
MOVEIS MODELO,Avenida Marginal ,M�veis e Cia,(17) 3691-1410
TOM MOVEIS,Rua Altino De Queir�z ,M�veis e Cia,(17) 99188-7666
ZEMA,RUA 14 ,M�veis e Cia,(17) 3631-0532
CRIATIVA COLCH�ES E ESTOFADOS,Avenida Navarro de Andrade ,M�veis e Cia,(17) 3631-5399
J MAHFUZ,Rua 14 ,M�veis e Cia,(17) 3631-4778
JJ M�VEIS,Rua 14 ,M�veis e Cia,(17) 3631-1185
MAGAZINE LUIZA,Rua 07 ,M�veis e Cia,(17) 3641-0900
M�VEIS CASABELLA,Avenida Conselheiro Ant�nio Prado ,M�veis e Cia,(17) 3641-1080
PELMEX COLCH�ES,Avenida Conselheiro Ant�nio Prado ,M�veis e Cia,(17) 3631-2281
RECON M�VEIS USADOS,Rua 17 ,M�veis e Cia,(17) 3631-5396
REZENDE M�VEIS,Rua 07 ,M�veis e Cia,(17) 3631-4352
ROMERA,Avenida Conselheiro Ant�nio Prado ,M�veis e Cia,(17) 3631-5944
SOF�S ATUAL,Avenida Conselheiro Ant�nio Prado ,M�veis e Cia,(17) 3631-3761
FLORICULTURA FLORA SANTA F�,Avenida Conselheiro Ant�nio Prado ,Campo e Jardim,(17) 3631-3532,(17) 99207-8985,(17) 99734-4746
FLOR & ART FLORICULTURA,Rua 15 ,Campo e Jardim,(17) 3631-1305,(17) 99704-6105,(17) 99727-3093
SEMENTES FRONTEIRA,ZONA RURAL ,Campo e Jardim,(17) 3691-1265
FLOR DO CAMPO,Rua Jos� Claudio Foga�a ,Campo e Jardim,(17) 3691-1235
MOBY DICK FLORICULTURA E GARDEN,Avenida Navarro de Andrade ,Campo e Jardim,(17) 3631-2241
FLORICULTURA FLORA JARDIM,Rua do Empreendedor ,Campo e Jardim,(17) 99650-7721
FLORICULTURA LUZ DA VIDA,Rua 16 ,Campo e Jardim,(17) 3631-4656
POR DO SOL PAISAGISMO,Avenida Conselheiro Ant�nio Prado ,Campo e Jardim,(17) 3631-3829
BERNARDI IRRIGA��ES,Rua Jos� Domingues da Fonseca ,Campo e Jardim,(17) 3631-5263
FLORICULTURA EST�NCIA DAS FLORES,Avenida Paulo Nunes da Silva ,Campo e Jardim,(17) 3641-2460
FLORICULTURA LIZ,Avenida Conselheiro Ant�nio Prado ,Campo e Jardim,(17) 3631-4051
JARDINS & CIA,Rua S�o Jo�o ,Campo e Jardim,(17) 99160-2393
SANTA TERRA FLORESTA E JARDIM,Avenida Navarro de Andrade ,Campo e Jardim,(17) 3641-1128
